commercial_district_code,commercial_district_name,latitude,longitude,gu_code,gu_name,dong_code,dong_name,area_size
3110008,배화여자대학교(박노수미술관),126.9670895683088,37.58030943835253,11110,종로구,11110515,청운효자동,149264
3110009,자하문터널,126.96592808590958,37.59507637869068,11110,종로구,11110550,부암동,178306
3110010,평창동서측,126.96674832970702,37.60936632114107,11110,종로구,11110560,평창동,369415
3110017,정독도서관,126.98393465833044,37.583583539469174,11110,종로구,11110600,가회동,83855
3110018,중앙고등학교,126.98735391827724,37.58276405131138,11110,종로구,11110600,가회동,166872
3110020,서울국제고등학교,126.9954484333874,37.58827871837829,11110,종로구,11110650,혜화동,133692
3110001,이북5도청사,126.95766519329227,37.60951658051797,11110,종로구,11110560,평창동,108529
3110002,독립문역 1번,126.95720886112564,37.57574723987454,11110,종로구,11110570,무악동,31531
3110003,세검정초등학교,126.95910679987408,37.60355253658663,11110,종로구,11110550,부암동,191570
3110004,대신고등학교,126.96057237511422,37.57318057632959,11110,종로구,11110580,교남동,18781
3110035,동묘앞역 2번,127.01923329716882,37.57545610038485,11110,종로구,11110710,숭인2동,95779
3110012,성곡미술관,126.96934533653334,37.57330931964528,11110,종로구,11110530,사직동,124348
3110014,경복고등학교,126.97151428391328,37.58512189400342,11110,종로구,11110515,청운효자동,63411
3110016,평창동동측,126.9753885072359,37.61294536602926,11110,종로구,11110560,평창동,522818
3110005,세검정,126.96249418113779,37.60092276960328,11110,종로구,11110550,부암동,244923
3110006,부암동주민센터,126.96264586419525,37.591984983800906,11110,종로구,11110550,부암동,91486
3110007,사직공원(한국사회과학도서관),126.96485097296461,37.573965793267824,11110,종로구,11110530,사직동,80252
3110037,신설동역 12번,127.02206413216838,37.577978389479746,11110,종로구,11110710,숭인2동,55232
3110039,회현역 1번,126.98081640265393,37.55822906707704,11140,중구,11140540,회현동,9928
3110021,성균관대학교,126.99727149747922,37.58353955150116,11110,종로구,11110650,혜화동,77655
3110022,경신고등학교,126.99910555256606,37.587053452651496,11110,종로구,11110650,혜화동,60182
3110023,서울대병원,127.00157360371887,37.578935494743384,11110,종로구,11110640,이화동,15969
3110024,혜회동주민센터,127.00136998074275,37.587287706215974,11110,종로구,11110650,혜화동,52850
3110025,충신시장옆,127.00418850120057,37.57486293640551,11110,종로구,11110630,종로5?6가동,39184
3110027,혜화역 1번,127.00573993541379,37.58211587382123,11110,종로구,11110640,이화동,117673
3110028,이화달팽이길,127.0065092999959,37.57650264132745,11110,종로구,11110640,이화동,159124
3110029,동대문역 1번,127.01057331374025,37.57612392961357,11110,종로구,11110680,창신2동,153230
3110030,동대문역 3번,127.01203322302788,37.57344783562387,11110,종로구,11110670,창신1동,9161
3110031,창신역 1번,127.01469460184781,37.579376077698974,11110,종로구,11110690,창신3동,32878
3110033,창신역 4번,127.01665273399279,37.57760986925303,11110,종로구,11110700,숭인1동,77869
3110057,황학코아루아파트,127.02278510211976,37.56630135637733,11140,중구,11140670,황학동,30230
3110058,성심여자고등학교,126.95416739258842,37.53271444536362,11170,용산구,11170570,원효로2동,135620
3110059,새남터성지,126.95569888787642,37.52575028754142,11170,용산구,11170640,이촌2동,56970
3110036,동묘앞역 3번,127.02018355835784,37.57305028574799,11110,종로구,11110710,숭인2동,18431
3110040,중구회현체육센터(정화예술대남산캠퍼스),126.98211844625749,37.55612994758037,11140,중구,11140540,회현동,76242
3110041,남산케이블카,126.98482325928379,37.5564006254871,11140,중구,11140550,명동,130560
3110042,남산골공원옆,126.99507688426245,37.55658169774501,11140,중구,11140570,필동,72607
3110043,충무초등학교,127.00101862988308,37.56056420346717,11140,중구,11140580,장충동,110058
3110045,동대문역사문화공원역 5번,127.0049121791401,37.56238411905503,11140,중구,11140580,장충동,44820
3110047,다산성곽길,127.00723173486928,37.55500483313109,11140,중구,11140625,다산동,85386
3110048,장충동주민센터,127.00847731320725,37.56099638199899,11140,중구,11140580,장충동,135606
3110049,장충단 고개,127.01016325011474,37.557527410235856,11140,중구,11140625,다산동,70693
3110053,청구역 1번,127.01265387519811,37.56191502489969,11140,중구,11140615,신당동,85550
3110054,청구역 3번,127.0132867887912,37.5567792722277,11140,중구,11140645,청구동,69155
3110055,황학동벼룩시장,127.01858665039832,37.56987904492781,11140,중구,11140670,황학동,27575
3110056,신당역 3번,127.02099573525913,37.562850872583056,11140,중구,11140650,신당5동,129607
3110079,후암동주민센터,126.97920022239718,37.55010179303207,11170,용산구,11170510,후암동,293041
3110080,해방촌예술마을,126.98322952776942,37.5473273581668,11170,용산구,11170510,후암동,134562
3110081,해방촌 남동측,126.98454285856135,37.544119980506025,11170,용산구,11170520,용산2가동,105010
3110050,약수역 7번,127.00982304292711,37.55236472210246,11140,중구,11140635,약수동,34553
3110051,한양공고앞 교차로,127.01128463101034,37.5637171567379,11140,중구,11140615,신당동,44893
3110052,장충초등학교,127.01276666015386,37.55958143097188,11140,중구,11140625,다산동,68893
3110060,효창공원앞역 6번,126.9585767524867,37.53824821820554,11170,용산구,11170590,용문동,94719
3110061,효창동주민센터,126.95936668628885,37.54211378231579,11170,용산구,11170580,효창동,100249
3110062,한강로동땡땡거리(은행나무길),126.96202315666443,37.524986638584856,11170,용산구,11170625,한강로동,132684
3110063,효창공원앞역 5번,126.96268438684383,37.53747472736998,11170,용산구,11170590,용문동,110329
3110064,효창공원앞역 2번,126.96397191654081,37.542331517069975,11170,용산구,11170580,효창동,131550
3110082,용산구청,126.99108467693513,37.53246171216063,11170,용산구,11170650,이태원1동,71140
3110083,서빙고역 1번,126.99175350506796,37.5205595234227,11170,용산구,11170690,서빙고동,58652
3110084,경리단길북측,126.9913551393898,37.54173302689627,11170,용산구,11170660,이태원2동,225725
3110085,경리단길남측,126.99162703817964,37.53875974659307,11170,용산구,11170660,이태원2동,181830
3110065,남정초등학교,126.96429155222101,37.53644808379059,11170,용산구,11170560,원효로1동,18065
3110066,서울역 15번,126.96694307959059,37.55314437161729,11170,용산구,11170555,청파동,133737
3110067,배문고등학교,126.96736357210598,37.54909900636352,11170,용산구,11170555,청파동,204936
3110068,남영역 1번,126.96726543215075,37.54062057647328,11170,용산구,11170560,원효로1동,145312
3110069,숙대입구,126.9678744716527,37.545224851300794,11170,용산구,11170555,청파동,173542
3110070,용산세무서,126.96818911909422,37.52375408705928,11170,용산구,11170625,한강로동,8437
3110071,한강미주맨션아파트,126.96778306850037,37.52096086871952,11170,용산구,11170630,이촌1동,27783
3110073,삼각지역 3번,126.97259826981191,37.53125152806751,11170,용산구,11170625,한강로동,41421
3110074,서울역 12번,126.97415273729469,37.551010804376816,11170,용산구,11170530,남영동,105922
3110075,숙대입구역 1번,126.9737354497403,37.54693819857306,11170,용산구,11170530,남영동,128905
3110077,삼광초등학교,126.97645081947958,37.54847046930043,11170,용산구,11170510,후암동,45797
3110078,이촌동점보아파트,126.97814575970818,37.51826924146274,11170,용산구,11170630,이촌1동,14864
3110110,상왕십리역 6번,127.02777595118324,37.56409284717007,11200,성동구,11200520,왕십리2동,51942
3110087,이태원엔틱가구거리,126.99436573207079,37.53199339365142,11170,용산구,11170650,이태원1동,52542
3110088,오산고등학교,126.99643648116178,37.525154870964045,11170,용산구,11170690,서빙고동,96560
3110089,서빙고동주민센터,126.99624432190274,37.52201036621853,11170,용산구,11170690,서빙고동,105979
3110090,한국폴리텍대학서울정수캠퍼스,126.99699070678436,37.52763264213135,11170,용산구,11170700,보광동,97059
3110092,NH농협은행 보광동지점,126.99988686653968,37.529047253229294,11170,용산구,11170700,보광동,105153
3110093,우사단길,127.00027153219374,37.532326898187094,11170,용산구,11170685,한남동,234768
3110095,한강진역 3번,127.00224029314316,37.537426541732394,11170,용산구,11170685,한남동,149192
3110096,한남힐사이드아파트,127.0029420309497,37.543328076010035,11170,용산구,11170685,한남동,50068
3110098,서울독일학교,127.01077131857866,37.53609259101001,11170,용산구,11170685,한남동,41414
3110099,유엔빌리지길,127.01217403299694,37.53441659338167,11170,용산구,11170685,한남동,263187
3110102,옥수역 6번,127.01610192459853,37.54315582494073,11200,성동구,11200645,옥수동,34682
3110103,옥수터널,127.0164080190828,37.54578670080503,11200,성동구,11200620,금호4가동,19057
3110104,신금호역 4번,127.02016645992701,37.55161558009325,11200,성동구,11200615,금호2?3가동,66838
3110109,금호삼성래미안아파트,127.02620913408614,37.55026289597211,11200,성동구,11200590,금호1가동,29788
3110129,성원어린이공원,127.05022288091031,37.550300173836135,11200,성동구,11200660,성수1가2동,70693
3110130,답십리역 6번,127.05241765359236,37.56554409202081,11200,성동구,11200790,용답동,43065
3110131,성수동카페거리,127.05336339732489,37.54260426552024,11200,성동구,11200670,성수2가1동,131865
3110132,성수2가3동주민센터,127.05394538390803,37.54940654342987,11200,성동구,11200690,성수2가3동,76450
3110136,경수초등학교,127.05995864535373,37.540573851759774,11200,성동구,11200670,성수2가1동,260628
3110105,금동어린이공원,127.02349280272007,37.549119199553864,11200,성동구,11200615,금호2?3가동,69009
3110107,금호사거리,127.02492931657964,37.5471186877979,11200,성동구,11200620,금호4가동,22191
3110112,행당역 2번,127.03141851074179,37.559226552054376,11200,성동구,11200560,행당1동,68591
3110113,응봉산,127.03152728660245,37.54877494821614,11200,성동구,11200580,응봉동,89115
3110114,왕십리파출소,127.03142194280784,37.56739858855162,11200,성동구,11200535,왕십리도선동,27058
3110133,서울교통공사,127.05663741161975,37.56266796519802,11200,성동구,11200790,용답동,80187
3110134,성수119안전센터,127.05727352526394,37.536070183843606,11200,성동구,11200670,성수2가1동,222826
3110135,성동세무서,127.0594564430696,37.549358847126776,11200,성동구,11200720,송정동,136762
3110115,상왕십리역 3번,127.03168143212821,37.56538929826772,11200,성동구,11200535,왕십리도선동,80878
3110116,청계천박물관,127.03501151510875,37.57039789376655,11200,성동구,11200540,마장동,98083
3110117,성동구보건소,127.03536085082358,37.567073116003144,11200,성동구,11200540,마장동,49735
3110118,왕십리역 9번,127.03587710019502,37.55783774584384,11200,성동구,11200560,행당1동,63575
3110120,서울숲카페거리,127.04106609796341,37.54722229826109,11200,성동구,11200660,성수1가2동,34852
3110121,한양대역 4번,127.04186356587266,37.55677259819984,11200,성동구,11200550,사근동,29267
3110122,마장역 2번,127.04414491255056,37.56782699467488,11200,성동구,11200540,마장동,80335
3110123,마장역 3번,127.04501580273998,37.56668240119376,11200,성동구,11200540,마장동,169553
3110124,뚝섬역교차로,127.04527739974368,37.5500589042001,11200,성동구,11200660,성수1가2동,79596
3110125,사근동살곶이상점가,127.04658561903601,37.56101452557501,11200,성동구,11200550,사근동,128923
3110126,서울숲역 1번,127.04654200941053,37.54549034888927,11200,성동구,11200650,성수1가1동,18531
3110127,성수1가1동주민센터,127.0494136424359,37.54156983482148,11200,성동구,11200650,성수1가1동,38774
3110128,성원중학교,127.04992055728603,37.53816384184272,11200,성동구,11200650,성수1가1동,247340
3110157,자양동우체국,127.08072173589979,37.52999274825613,11215,광진구,11215830,자양2동,115158
3110158,중곡3동주민센터,127.08097858537985,37.56872649117577,11215,광진구,11215760,중곡3동,166799
3110159,구의역 4번,127.0808515528512,37.534966184561476,11215,광진구,11215820,자양1동,210895
3110160,광진경찰서,127.08339573336079,37.543758173937306,11215,광진구,11215850,구의1동,47848
3110137,성수초등학교,127.06245263029955,37.54616776510738,11200,성동구,11200690,성수2가3동,330983
3110138,송정체육공원,127.06717551903371,37.550787295336974,11200,성동구,11200720,송정동,102074
3110139,자양4동주민센터,127.06347301482698,37.53512096389572,11215,광진구,11215847,자양4동,155861
3110140,건대입구역 6번,127.06570497470408,37.538597604470354,11215,광진구,11215847,자양4동,179746
3110141,건대입구역 1번,127.06643315762537,37.54314724564189,11215,광진구,11215710,화양동,67458
3110142,화양사거리,127.06821255940088,37.54629972809252,11215,광진구,11215710,화양동,116892
3110144,어린이대공원역 4번,127.07191275197118,37.54617139278924,11215,광진구,11215710,화양동,42830
3110146,신자초등학교,127.07324501528619,37.531520314025855,11215,광진구,11215840,자양3동,106885
3110147,능동우편취급국,127.07377843003759,37.55618033078989,11215,광진구,11215730,군자동,157029
3110148,어린이대공원역 3번,127.07551037056552,37.545331218019335,11215,광진구,11215710,화양동,45757
3110149,세종대학교,127.07616268636023,37.55252076660446,11215,광진구,11215730,군자동,45957
3110150,중곡1동 마을마당,127.0767376585975,37.56142224668868,11215,광진구,11215740,중곡1동,159510
3110151,자양한강도서관,127.07707997341757,37.531139452835596,11215,광진구,11215830,자양2동,107574
3110152,중곡어린이공원,127.07806550149179,37.56488120178216,11215,광진구,11215740,중곡1동,50806
3110153,중곡1동주민센터,127.0794304023093,37.56048342937615,11215,광진구,11215740,중곡1동,50068
3110156,군자역 5번,127.08046441912305,37.55374327045005,11215,광진구,11215780,능동,153696
3110174,아차산역 1번,127.0910365963174,37.55541144781092,11215,광진구,11215770,중곡4동,103458
3110175,푸른동산공원,127.0911663709489,37.541166562279685,11215,광진구,11215870,구의3동,96115
3110178,장로회신학대학교,127.1034188452257,37.548013069290455,11215,광진구,11215810,광장동,45933
3110179,광나루역 1번,127.10322387327058,37.54613015293001,11215,광진구,11215810,광장동,42085
3110154,광진정말공원,127.07897139566221,37.53307535534298,11215,광진구,11215820,자양1동,102102
3110155,광진구청,127.07928228984191,37.53819282960434,11215,광진구,11215820,자양1동,97314
3110161,중곡역 3번,127.08369452966215,37.56810291017622,11215,광진구,11215760,중곡3동,141901
3110162,군자역 4번,127.08278920214391,37.55806645047751,11215,광진구,11215750,중곡2동,70945
3110176,해오름공원,127.09214865556346,37.557816247579865,11215,광진구,11215770,중곡4동,135318
3110177,동의초등학교,127.09516364702064,37.55244391167489,11215,광진구,11215860,구의2동,29079
3110163,성자초등학교,127.08436546700541,37.53069298250582,11215,광진구,11215830,자양2동,66483
3110164,아차산역 5번,127.08522834987414,37.55325338910614,11215,광진구,11215780,능동,85050
3110165,국립정신건강센터,127.08573648594626,37.56214586200675,11215,광진구,11215750,중곡2동,95687
3110166,구의1동주민센터,127.08551989838477,37.54099058656442,11215,광진구,11215850,구의1동,131620
3110167,용마초등학교,127.08601462792421,37.557956025147156,11215,광진구,11215750,중곡2동,154354
3110168,대원고등학교,127.0877298231472,37.563261633023764,11215,광진구,11215770,중곡4동,58514
3110169,성동초등학교,127.08810116387241,37.532573346901124,11215,광진구,11215830,자양2동,75500
3110170,동대부여고,127.08864379358764,37.54176314249194,11215,광진구,11215850,구의1동,120727
3110171,중곡4동주민센터,127.08920842188094,37.55980069876591,11215,광진구,11215770,중곡4동,47879
3110172,광진초등학교,127.08953275126271,37.5470873761971,11215,광진구,11215860,구의2동,95499
3110173,구남초등학교,127.09089919867607,37.53546343842295,11215,광진구,11215870,구의3동,49267
3110180,광진정보도서관,127.10877284422423,37.54899935681124,11215,광진구,11215810,광장동,74699
3110181,신설동역 9번,127.02739410669473,37.57225595717022,11230,동대문구,11230536,용신동,141747
3110182,용두희망어린이공원,127.02739713026659,37.58050906531533,11230,동대문구,11230536,용신동,59118
3110183,한국의류시험연구원,127.0283245035762,37.577977053366055,11230,동대문구,11230536,용신동,43441
3110206,텃골근린공원,127.05182711868238,37.57905927730038,11230,동대문구,11230560,전농1동,100623
3110207,시립대앞사거리,127.05224944885282,37.5840055457555,11230,동대문구,11230560,전농1동,29327
3110208,시조사삼거리,127.05255800941232,37.58809591637845,11230,동대문구,11230710,회기동,42223
3110209,답십리 장령당공원,127.05201326325202,37.569986179498024,11230,동대문구,11230600,답십리1동,27972
3110184,용두사거리,127.02961452237629,37.576598215552956,11230,동대문구,11230536,용신동,24379
3110185,용두초등학교,127.0293986069025,37.57449895224492,11230,동대문구,11230536,용신동,28847
3110186,종암초등학교,127.03044307101194,37.58187782946985,11230,동대문구,11230545,제기동,22890
3110187,제기동역 6번,127.03255763774018,37.576083873726574,11230,동대문구,11230536,용신동,159981
3110188,용두동신동아아파트,127.0325219523249,37.57211950664692,11230,동대문구,11230536,용신동,152517
3110189,제기동역 1번,127.03334040032198,37.57978674126847,11230,동대문구,11230545,제기동,88499
3110190,고대앞사거리,127.03420318826822,37.58501225661796,11230,동대문구,11230545,제기동,101416
3110195,동대문구청,127.04070840517555,37.57615342395652,11230,동대문구,11230536,용신동,115383
3110197,세종대왕기념관교차로,127.04131643081573,37.59070425456956,11230,동대문구,11230705,청량리동,24771
3110199,홍릉시장,127.04263778068552,37.58473921335797,11230,동대문구,11230545,제기동,69877
3110200,동대문경찰서,127.04439291652311,37.585180052932714,11230,동대문구,11230705,청량리동,35357
3110201,전농119안전센터,127.04614211184621,37.57596221631625,11230,동대문구,11230560,전농1동,24149
3110203,떡전교사거리,127.04842332523857,37.58492619031005,11230,동대문구,11230705,청량리동,46180
3110191,고려대역 6번,127.03601597985491,37.58771469603436,11230,동대문구,11230545,제기동,79173
3110193,고려대역 4번,127.03765879988195,37.58989458516888,11230,동대문구,11230545,제기동,67780
3110194,홍파초등학교,127.04018087997777,37.584595916352306,11230,동대문구,11230545,제기동,87946
3110204,간데메공원,127.05088371301225,37.573518572379605,11230,동대문구,11230600,답십리1동,122554
3110205,경희대삼거리,127.0513258738915,37.59099765389255,11230,동대문구,11230710,회기동,88816
3110228,장안근린공원,127.0696432221665,37.5758335619501,11230,동대문구,11230660,장안2동,177937
3110229,장평중학교,127.06999492654315,37.56456190380795,11230,동대문구,11230650,장안1동,205648
3110230,장안현대홈타운1차아파트,127.07158379588344,37.56900286007882,11230,동대문구,11230660,장안2동,79796
3110232,동대부고,127.07347096415802,37.577299862320345,11230,동대문구,11230660,장안2동,104535
3110224,외대앞역 2번,127.06353452878629,37.59425330406559,11230,동대문구,11230720,휘경1동,45770
3110225,촬영소사거리,127.06358153868928,37.569647147721206,11230,동대문구,11230610,답십리2동,54806
3110210,서울시립대,127.05416397669767,37.585617460347805,11230,동대문구,11230560,전농1동,110970
3110211,전곡마을마당공원,127.05465790447084,37.5798238453243,11230,동대문구,11230560,전농1동,126403
3110212,답십리초등학교,127.05645053947013,37.570011170999635,11230,동대문구,11230600,답십리1동,80982
3110213,청량초등학교,127.05666041481288,37.59303145545398,11230,동대문구,11230740,이문1동,35455
3110214,경희대후문,127.056471314137,37.597518483440886,11230,동대문구,11230740,이문1동,79862
3110215,회기역 1번,127.05838017647953,37.59131873274638,11230,동대문구,11230720,휘경1동,51478
3110216,전농중학교,127.0583704812324,37.57890305419834,11230,동대문구,11230570,전농2동,65069
3110217,자동차부품상가,127.05893705293438,37.56520764897779,11230,동대문구,11230610,답십리2동,56649
3110218,답십리사거리,127.05816024441098,37.57059598801341,11230,동대문구,11230610,답십리2동,82160
3110219,삼육보건대학교,127.06017759350853,37.587713860831755,11230,동대문구,11230730,휘경2동,179445
3110220,외대앞역 1번,127.06118009171786,37.59521860885541,11230,동대문구,11230740,이문1동,98625
3110221,의릉,127.06111932250863,37.60398528040108,11290,성북구,11290810,석관동,47130
3110226,장안1동주민센터,127.06660322921046,37.568960725192056,11230,동대문구,11230650,장안1동,285861
3110227,답십리공원,127.06701717715495,37.57615943992586,11230,동대문구,11230610,답십리2동,55458
3110254,오거리공원,127.08299094516109,37.57668988738031,11260,중랑구,11260570,면목7동,165615
3110255,상봉역 4번,127.0827833599205,37.593691768235416,11260,중랑구,11260590,상봉2동,191245
3110233,중랑역 1번,127.07391960683593,37.59596815056542,11260,중랑구,11260610,중화2동,124330
3110234,중랑역 4번,127.07362308419515,37.59382397632805,11260,중랑구,11260610,중화2동,58421
3110236,신묵초등학교,127.07492901956759,37.60887870447146,11260,중랑구,11260630,묵2동,180650
3110237,메가박스 상봉,127.07474165969481,37.591408615387756,11260,중랑구,11260520,면목2동,124410
3110238,배꽃어린이공원,127.07551271298087,37.603706651767816,11260,중랑구,11260610,중화2동,29174
3110243,중랑노인종합복지관,127.0779878628827,37.58811789372319,11260,중랑구,11260520,면목2동,128302
3110244,중화역 4번,127.07827562121437,37.60341653482143,11260,중랑구,11260610,중화2동,63066
3110245,KB국민은행 중화동지점,127.0787672252466,37.59708224403993,11260,중랑구,11260610,중화2동,62374
3110246,월드순복음교회,127.07893279696668,37.593027672289224,11260,중랑구,11260590,상봉2동,87353
3110247,먹골역 1번,127.07929071096504,37.610200308625146,11260,중랑구,11260620,묵1동,148439
3110248,먹골파출소,127.08049665488883,37.61523601878214,11260,중랑구,11260620,묵1동,37643
3110249,중화역 1번,127.08007714819284,37.60427126674587,11260,중랑구,11260600,중화1동,170317
3110250,화랑대역 7번,127.08183593250513,37.61775786420861,11260,중랑구,11260620,묵1동,39367
3110240,태릉시장 특화거리,127.07679791399993,37.598056612126726,11260,중랑구,11260610,중화2동,45536
3110241,먹골역 5번,127.07734066163741,37.60822843634927,11260,중랑구,11260630,묵2동,99076
3110242,면목5동주민센터,127.07819937597111,37.58466695176947,11260,중랑구,11260550,면목5동,105010
3110251,장안중학교,127.08204261261062,37.59968387623888,11260,중랑구,11260600,중화1동,90556
3110252,장안제일시장,127.0816305342528,37.58527730400473,11260,중랑구,11260550,면목5동,121544
3110253,중곡초등학교,127.08256817561062,37.57314927575237,11260,중랑구,11260540,면목4동,86503
3110277,러스크서울병원,127.10268520613624,37.598874850037376,11260,중랑구,11260655,망우본동,118173
3110278,망우본동주민센터,127.10352681954076,37.60150500683647,11260,중랑구,11260655,망우본동,137523
3110272,신내1동주민센터,127.09842568909319,37.60615847906632,11260,중랑구,11260680,신내1동,146352
3110273,장스여성병원,127.09873541769939,37.600581092452465,11260,중랑구,11260680,신내1동,69230
3110256,면목2동체육관,127.0826206130532,37.589871676851374,11260,중랑구,11260520,면목2동,221861
3110257,상봉역 7번,127.08586900294162,37.598699074518215,11260,중랑구,11260580,상봉1동,114328
3110258,면동초등학교,127.08584343751289,37.58630144712347,11260,중랑구,11260565,면목본동,111432
3110259,사가정역 1번,127.08609919438236,37.582264812341826,11260,중랑구,11260575,면목3?8동,86298
3110260,면목역 3번,127.08622084620522,37.58958078442301,11260,중랑구,11260565,면목본동,65941
3110261,사가정역 4번,127.08825666448381,37.57810062863918,11260,중랑구,11260570,면목7동,109503
3110262,상봉역 3번,127.08888734246219,37.5943810926847,11260,중랑구,11260590,상봉2동,121975
3110263,면목역 1번,127.08983537331045,37.59178551911678,11260,중랑구,11260565,면목본동,152104
3110264,면목역 2번,127.09159619054651,37.58726118530816,11260,중랑구,11260565,면목본동,216948
3110265,망우역 1번,127.0926528164819,37.59935166722568,11260,중랑구,11260580,상봉1동,164846
3110266,면목동우체국,127.09163646470414,37.5831706467708,11260,중랑구,11260575,면목3?8동,114047
3110267,망우역 2번,127.08941586511447,37.60077772897528,11260,중랑구,11260580,상봉1동,125682
3110268,망우3동주민센터,127.09444384127862,37.591844991057506,11260,중랑구,11260660,망우3동,71237
3110269,용마문화복지센터,127.09494877873335,37.5882316079015,11260,중랑구,11260575,면목3?8동,50066
3110270,혜원여고,127.09729711212769,37.59177960411285,11260,중랑구,11260660,망우3동,35644
3110271,신내역 1번,127.0989590897488,37.615555346402026,11260,중랑구,11260680,신내1동,112596
3110274,서일대학교,127.09875482708568,37.58956195338933,11260,중랑구,11260575,면목3?8동,164098
3110275,하나은행 망우동지점,127.0997288883947,37.59829174113322,11260,중랑구,11260655,망우본동,35477
3110276,신내IC북측,127.10231546366488,37.61829148719481,11260,중랑구,11260680,신내1동,118914
3110320,KB국민은행 종암동지점,127.03694796929915,37.59493135476554,11290,성북구,11290705,종암동,52907
3110322,장위1동주민센터,127.04179435821293,37.61519300306757,11290,성북구,11290760,장위1동,84262
3110323,상월곡역 1번,127.04465432991722,37.605821668355986,11290,성북구,11290725,월곡2동,83644
3110280,북정마을,126.99019424206371,37.59317078671974,11290,성북구,11290525,성북동,151078
3110281,길상사,126.99406637755725,37.597531843936665,11290,성북구,11290525,성북동,244583
3110282,국민대학교앞,126.99879952100844,37.607866347041465,11290,성북구,11290640,정릉3동,69438
3110283,성북초등학교앞,126.99933194422123,37.59272970611246,11290,성북구,11290525,성북동,42242
3110284,정릉북한산국립공원입구,126.99904854031827,37.6185971259526,11290,성북구,11290650,정릉4동,57402
3110285,홍대부중,127.00138143045521,37.5941893066819,11290,성북구,11290525,성북동,90071
3110286,한성대입구역 5번,127.00302311738922,37.58981045467751,11290,성북구,11290525,성북동,112177
3110287,정릉3동주민센터,127.00364681020984,37.609343919599404,11290,성북구,11290640,정릉3동,60168
3110288,동구여중,127.00529903995135,37.59111681326029,11290,성북구,11290525,성북동,82760
3110289,북한산보국문역 2번,127.00694249312983,37.60894733639276,11290,성북구,11290640,정릉3동,162270
3110290,북한산보국문역 1번,127.00902691154116,37.61339808159277,11290,성북구,11290650,정릉4동,45706
3110298,솔숲어린이공원,127.0156168492766,37.60450462764689,11290,성북구,11290620,정릉1동,37902
3110299,정릉역 1번,127.01798309800381,37.60190042877038,11290,성북구,11290620,정릉1동,140910
3110300,삼선동주민센터,127.01956520434038,37.58927728633153,11290,성북구,11290600,안암동,155662
3110301,성신여대입구역 7번,127.01836664037195,37.59585472017824,11290,성북구,11290575,동선동,107374
3110302,보문역 8번,127.01923538316017,37.58356504559915,11290,성북구,11290610,보문동,67532
3110303,성신여대입구역 1번,127.02110643481099,37.59415138795524,11290,성북구,11290575,동선동,109299
3110304,보문역 4번,127.02097984870431,37.58691644266694,11290,성북구,11290600,안암동,93288
3110305,보문역 5번,127.02214528008177,37.58440245928824,11290,성북구,11290600,안암동,147424
3110306,미아초등학교,127.02254882002873,37.6085309312644,11290,성북구,11290660,길음1동,32625
3110307,길음역 7번,127.02314770784841,37.60415200470216,11290,성북구,11290660,길음1동,55213
3110308,길음역 8번,127.02441709427482,37.607269174073934,11290,성북구,11290685,길음2동,84969
3110309,대광초등학교,127.02461228720487,37.58097819555142,11290,성북구,11290600,안암동,72678
3110291,한성대입구역 3번,127.00995195817097,37.58566550742506,11290,성북구,11290555,삼선동,175682
3110292,정릉역 2번,127.01129074465919,37.60420779405496,11290,성북구,11290630,정릉2동,21672
3110293,삼선중학교,127.01040562471103,37.59134172158123,11290,성북구,11290525,성북동,79830
3110294,서경대학교,127.01227709840207,37.61092006857486,11290,성북구,11290650,정릉4동,193247
3110295,정릉우체국,127.01242366605265,37.606910650147945,11290,성북구,11290630,정릉2동,153101
3110296,성신여대입구역 4번,127.01493520393063,37.59370183429791,11290,성북구,11290575,동선동,59460
3110297,경동고등학교,127.01419815660745,37.588205872807336,11290,성북구,11290555,삼선동,167263
3110310,길음역 10번,127.02635266731652,37.604340540516574,11290,성북구,11290685,길음2동,21941
3110312,안암역 2번,127.0290871611702,37.58868967882518,11290,성북구,11290600,안암동,85118
3110313,안암역 3번,127.02969670042593,37.58398634417268,11290,성북구,11290600,안암동,82289
3110314,종암경찰서,127.03238736566581,37.60114052292245,11290,성북구,11290705,종암동,84094
3110315,종암아이파크2차,127.03359734683603,37.59732899315395,11290,성북구,11290705,종암동,92801
3110316,숭곡초등학교,127.03438366024915,37.60814966101142,11290,성북구,11290715,월곡1동,180619
3110317,종암중학교,127.03416167700084,37.59327436938832,11290,성북구,11290705,종암동,91409
3110318,KT월곡지사,127.03499312523303,37.60366255226508,11290,성북구,11290715,월곡1동,76869
3110319,종암동주민센터,127.03595359013545,37.59923839992779,11290,성북구,11290705,종암동,98376
3110353,수유동우체국,127.0161921338146,37.6462202452816,11305,강북구,11305625,수유2동,75187
3110354,삼각산119안전센터,127.01691136280665,37.61992037016402,11305,강북구,11305575,삼각산동,17571
3110348,강북문화예술회관,127.01467296968984,37.64216601575762,11305,강북구,11305660,인수동,122433
3110349,화계역 2번,127.01470519772923,37.63321923019276,11305,강북구,11305615,수유1동,26807
3110325,장곡초등학교,127.04604280668192,37.6169032997047,11290,성북구,11290760,장위1동,104685
3110326,장위동성당,127.04779550055447,37.612316571314174,11290,성북구,11290760,장위1동,45509
3110327,상월곡역 2번,127.049877085475,37.60873878305574,11290,성북구,11290770,장위2동,117350
3110328,상월곡역 3번,127.05089478154424,37.606404785549785,11290,성북구,11290810,석관동,88297
3110329,우리은행체육관,127.05316682029753,37.61627862322277,11290,성북구,11290770,장위2동,88610
3110330,돌곶이역 1번,127.05419343609921,37.61062895729644,11290,성북구,11290770,장위2동,72476
3110331,돌곶이역 8번,127.05743087131309,37.6084019827491,11290,성북구,11290810,석관동,105931
3110332,돌곶이역 3번,127.05866850498415,37.61243780519847,11290,성북구,11290770,장위2동,34428
3110333,돌곶이역 5번,127.0592890795929,37.60947324115329,11290,성북구,11290810,석관동,67373
3110334,석관중앙교회,127.0625496269382,37.608038984981924,11290,성북구,11290810,석관동,84276
3110335,석계역 7번,127.06393543121227,37.612849524067954,11290,성북구,11290810,석관동,140761
3110336,석관고등학교,127.0647598010375,37.610046998999536,11290,성북구,11290810,석관동,62554
3110337,아카데미하우스,127.00708180832324,37.64489669765556,11305,강북구,11305660,인수동,120638
3110340,인수중학교,127.00896266514627,37.644301920321155,11305,강북구,11305660,인수동,50149
3110341,북한산우이역 2번,127.00946345210346,37.66188906345276,11305,강북구,11305645,우이동,140183
3110342,국립재활원,127.01221342106832,37.63706672227932,11305,강북구,11305660,인수동,62499
3110343,무너미어린이공원,127.0119427585941,37.644878286044325,11305,강북구,11305645,우이동,105257
3110344,화계중학교,127.01249594998643,37.63280503139888,11305,강북구,11305615,수유1동,38830
3110366,광산사거리,127.02444030791094,37.64358795179582,11305,강북구,11305635,수유3동,57563
3110345,솔밭공원역 2번,127.01261338082156,37.65729376201776,11305,강북구,11305645,우이동,103855
3110346,4.19민주묘지역 2번,127.01260072039511,37.64943719463744,11305,강북구,11305645,우이동,60794
3110350,가오리역 2번,127.01521628317677,37.63947200306674,11305,강북구,11305660,인수동,75348
3110351,수유북부시장옆,127.01557817756292,37.63627345900942,11305,강북구,11305660,인수동,78839
3110352,수유1동주민센터,127.01610934145873,37.6301286649574,11305,강북구,11305615,수유1동,134108
3110371,삼양입구사거리,127.02776142881001,37.6164314927593,11305,강북구,11305555,송천동,62809
3110372,강북중학교,127.0283945689594,37.643190633332985,11305,강북구,11305635,수유3동,82483
3110355,삼양사거리역 2번,127.01815775151192,37.621596021966724,11305,강북구,11305534,삼양동,101492
3110356,덕수교,127.01823221742598,37.64821112137031,11305,강북구,11305625,수유2동,102062
3110357,가오리역 1번,127.01782314180417,37.643417950047436,11305,강북구,11305625,수유2동,47879
3110360,수유초등학교,127.02027893106107,37.63250662510774,11305,강북구,11305615,수유1동,106526
3110361,삼양사거리역 1번,127.02195219826604,37.620856567278494,11305,강북구,11305555,송천동,74852
3110362,우이천 계성교,127.02225429849477,37.646318365703095,11305,강북구,11305625,수유2동,142902
3110363,송천동주민센터,127.02274424891579,37.618045335235756,11305,강북구,11305555,송천동,26098
3110364,미아역 8번,127.02298495804368,37.62728941870225,11305,강북구,11305535,미아동,127150
3110365,미아역 5번,127.02332368413528,37.623703424347134,11305,강북구,11305535,미아동,115228
3110358,인수동 우편취급국,127.01929418298732,37.63589449602717,11305,강북구,11305635,수유3동,111455
3110359,수유시장옆,127.01997473599367,37.63881357448498,11305,강북구,11305635,수유3동,135413
3110367,강북구청,127.02385020735761,37.64075898169978,11305,강북구,11305635,수유3동,63938
3110368,송천초등학교,127.02422696852264,37.61467534388805,11305,강북구,11305555,송천동,105075
3110369,성신여대운정그린캠퍼스,127.02579638357507,37.633154257577395,11305,강북구,11305535,미아동,133932
3110370,도봉세무서,127.0269693758849,37.61866612696216,11305,강북구,11305555,송천동,108984
3110396,쌍문역1번(쌍리단길),127.03646447195635,37.64828798329227,11320,도봉구,11320511,창1동,52971
3110397,도봉산입구,127.03777459924743,37.684497981920416,11320,도봉구,11320521,도봉1동,542024
3110398,쌍문2동우체국,127.03714764587913,37.654891974674136,11320,도봉구,11320670,쌍문2동,102318
3110399,창2동주민센터,127.03913516200645,37.64157479754697,11320,도봉구,11320512,창2동,161205
3110390,방학초등학교,127.0319948557538,37.66294826180096,11320,도봉구,11320700,방학2동,61821
3110391,샘말어린이공원,127.03319911031681,37.66943498973112,11320,도봉구,11320700,방학2동,245401
3110392,발바닥공원,127.03236731659005,37.659380273733284,11320,도봉구,11320681,쌍문4동,10355
3110393,국민은행방학지점,127.03324118997118,37.66212802425333,11320,도봉구,11320710,방학3동,21358
3110373,수유역 2번,127.02870941001596,37.63691069400108,11305,강북구,11305595,번1동,84732
3110374,송중초등학교,127.0307077341858,37.61982748768701,11305,강북구,11305545,송중동,204374
3110375,서울북부고용노동지청,127.03168805185044,37.63440519237552,11305,강북구,11305603,번2동,58262
3110376,수송초등학교,127.03142958043486,37.63939671921139,11305,강북구,11305595,번1동,208928
3110377,미아사거리역 3번,127.03325255681031,37.61135750702981,11305,강북구,11305545,송중동,35635
3110378,송중동주민센터,127.0345678760869,37.61465474806964,11305,강북구,11305545,송중동,53154
3110379,KT&G 북부지사,127.0356310949828,37.635341092364456,11305,강북구,11305595,번1동,32184
3110380,강북문화정보도서관,127.03610307823747,37.6273762328044,11305,강북구,11305603,번2동,40504
3110381,번동주공2단지,127.04431643020384,37.628022144194425,11305,강북구,11305608,번3동,50484
3110382,솔밭공원역 1번,127.01393904788436,37.6558610511858,11320,도봉구,11320660,쌍문1동,40166
3110383,덕성여대시반거리,127.0137682393538,37.6514192269792,11320,도봉구,11320660,쌍문1동,43039
3110780,신길대성유니드아파트,126.90314734322918,37.50210357784792,11560,영등포구,11560670,신길5동,87225
3110781,대림한신아파트,126.90355313361495,37.4943552577109,11560,영등포구,11560700,대림1동,84160
3110782,영등포시장역 4번,126.90374369195808,37.52208833275841,11560,영등포구,11560535,영등포동,30037
3110783,영등포시장역 1번,126.90414748748984,37.524782657771645,11560,영등포구,11560535,영등포동,49012
3110387,쌍문초등학교,127.02446520633931,37.650408392580964,11320,도봉구,11320660,쌍문1동,143845
3110388,도봉우체국,127.03034521174627,37.6475509095685,11320,도봉구,11320680,쌍문3동,55371
3110389,한일병원,127.02999264822587,37.64433448769298,11320,도봉구,11320680,쌍문3동,52890
3110394,방학중학교,127.03520401893273,37.66664136923422,11320,도봉구,11320700,방학2동,157817
3110395,신한은행 방학동지점,127.03647206897575,37.66382091407126,11320,도봉구,11320690,방학1동,52472
3110431,상계역,127.07430115109656,37.660775854840864,11350,노원구,11350624,중계4동,55707
3110480,연신내역 3번,126.92515264438029,37.617798543317264,11380,은평구,11380520,불광1동,77808
3110481,불광역 7번,126.92663056899477,37.61225839319223,11380,은평구,11380570,대조동,88375
3110455,역촌노인복지관,126.91247213883027,37.60345508523692,11380,은평구,11380625,역촌동,155405
3110456,구산보건지소,126.91298801162269,37.60779823704551,11380,은평구,11380560,구산동,170875
3110457,예일여고,126.91307405227352,37.611717602893464,11380,은평구,11380560,구산동,93412
3110505,홍남교남측,126.92484582926642,37.573748884900745,11410,서대문구,11410615,연희동,21259
3110506,연희임광아파트,126.92590641707551,37.56585683690044,11410,서대문구,11410615,연희동,25732
3110483,연천초등학교,126.92695122086197,37.62023233726391,11380,은평구,11380520,불광1동,67748
3110484,역촌역 3번,126.92705548022388,37.606267078274556,11380,은평구,11380510,녹번동,191591
3110470,신진과학기술고등학교,126.91902451113432,37.59722490823317,11380,은평구,11380580,응암1동,34929
3110471,응암동우체국,126.91931395497885,37.59134163214491,11380,은평구,11380590,응암2동,123744
3110517,서대문소방서,126.93653958895476,37.57363862085193,11410,서대문구,11410615,연희동,63408
3110491,불광중학교,126.93595288951646,37.6242109202581,11380,은평구,11380530,불광2동,300653
3110493,북가좌초등학교,126.90568926896994,37.576086730512685,11410,서대문구,11410710,북가좌1동,44322
3110507,명지대학교,126.92570116141647,37.57877697431512,11410,서대문구,11410685,홍은2동,176999
3110508,서연중학교,126.92749860967065,37.56975012625551,11410,서대문구,11410615,연희동,171649
3110534,경기대학교,126.9602149175942,37.56418852067717,11410,서대문구,11410565,충현동,71787
3110535,영천시장입구,126.96069891221296,37.5693423790947,11410,서대문구,11410520,천연동,34671
3110519,서대문구보건소별관,126.93707302774948,37.58543291549372,11410,서대문구,11410620,홍제1동,115619
3110520,경의중앙 신촌역,126.94066135843539,37.557783235879384,11410,서대문구,11410585,신촌동,60585
3110566,경의선책거리,126.92853025842084,37.55625383061659,11440,마포구,11440660,서교동,156743
3110542,마포구청역 7번,126.90204104660744,37.56111822776653,11440,마포구,11440700,망원2동,123656
3110543,중암중학교,126.9028854848608,37.57324632499679,11440,마포구,11440730,성산2동,21216
3110544,망리단길,126.90515005082226,37.5549489373919,11440,마포구,11440690,망원1동,311648
3110545,마포구청역 1번,126.90428813099334,37.565210593245496,11440,마포구,11440730,성산2동,87346
3110584,아현역 4번,126.95321312146886,37.5570680790553,11440,마포구,11440555,아현동,14177
3110553,가좌역 2번,126.91088357719615,37.568080922063466,11440,마포구,11440730,성산2동,83965
3110554,망원역 1번,126.91259516798064,37.55635122932939,11440,마포구,11440660,서교동,126268
3110555,홍익지구대,126.91221385162399,37.55338666479528,11440,마포구,11440660,서교동,21035
3110580,양원초등학교,126.94496541784541,37.553244292992865,11440,마포구,11440600,대흥동,39360
3110582,이대역 5번,126.94694441696997,37.55532650355734,11440,마포구,11440610,염리동,53599
3110583,공덕래미안3차아파트,126.95266378611491,37.548805708899394,11440,마포구,11440555,아현동,7972
3110567,광흥창역 6번,126.92879916577456,37.54720797282898,11440,마포구,11440655,서강동,21814
3110568,광흥창역 1번,126.93129831639104,37.54906551042876,11440,마포구,11440655,서강동,25225
3110421,석계역 1번,127.06312247081314,37.615823223737245,11350,노원구,11350560,월계1동,69794
3110422,노원역 9번,127.06323847595549,37.65916053762221,11350,노원구,11350720,상계10동,35324
3110585,마포경찰서,126.95420158838736,37.55079752190501,11440,마포구,11440555,아현동,18216
3110586,서울서부지방법원,126.95653355702899,37.54951898566206,11440,마포구,11440565,공덕동,132139
3110587,공덕동주민센터,126.95831085477153,37.548411398286284,11440,마포구,11440565,공덕동,76629
3110447,구산초등학교,126.90722766750562,37.61352413877604,11380,은평구,11380560,구산동,36415
3110448,상신초등학교입구,126.90719226269528,37.596441345078325,11380,은평구,11380632,신사2동,61765
3110409,창동역 2번,127.0433919186031,37.65508805919096,11320,도봉구,11320515,창5동,77642
3110410,방학역 2번,127.04464688230316,37.66910685916636,11320,도봉구,11320690,방학1동,130951
3110411,도봉역 3번,127.04570508633525,37.67577370338089,11320,도봉구,11320522,도봉2동,90321
3110412,창동중학교,127.04805377216908,37.66163639005471,11320,도봉구,11320514,창4동,21146
3110436,상계제일중학교,127.07589721053684,37.658873767809375,11350,노원구,11350624,중계4동,41545
3110437,당고개역 2번,127.07759457818734,37.667278815856335,11350,노원구,11350665,상계3?4동,83701
3110438,경춘선숲길 우측,127.07843516211,37.625932128128525,11350,노원구,11350600,공릉2동,100071
3110423,석계역 2번,127.06477720668221,37.61705668079721,11350,노원구,11350560,월계1동,58165
3110472,연신내역 4번,126.92071475120335,37.61572337254678,11380,은평구,11380570,대조동,134157
3110473,구산역 1번,126.92087651968289,37.6127051698786,11380,은평구,11380570,대조동,185580
3110449,증산역 3번,126.90701596105264,37.5834218710177,11380,은평구,11380640,증산동,154127
3110495,북가좌2동주민센터,126.90961133135289,37.581162393855145,11410,서대문구,11410720,북가좌2동,183812
3110560,마포FM,126.91836296409225,37.56012152556119,11440,마포구,11440710,연남동,60230
3110561,상수역 4번,126.92101465340832,37.54630202356614,11440,마포구,11440655,서강동,81410
3111078,굽은다리역 4번,127.14473562941309,37.54284297310578,11740,강동구,11740685,길동,207328
3110485,연신내우체국,126.92930584981418,37.62172941053949,11380,은평구,11380530,불광2동,103329
3110486,은평구청,126.92799910442115,37.60248349984441,11380,은평구,11380510,녹번동,63348
3110487,불광역 8번,126.92984739569634,37.61198104277285,11380,은평구,11380520,불광1동,23276
3110521,홍제역 4번,126.9425391420921,37.588490068182864,11410,서대문구,11410620,홍제1동,30428
3110522,홍제역 3번,126.94438622395559,37.58641866983094,11410,서대문구,11410620,홍제1동,37420
3110523,홍제성원아파트,126.94398058936544,37.58380559833459,11410,서대문구,11410620,홍제1동,14283
3110524,연희세브란스병원,126.94428953833814,37.56422712984893,11410,서대문구,11410585,신촌동,30580
3110496,모래내우체국,126.91190079630103,37.578974710278885,11410,서대문구,11410720,북가좌2동,69544
3110546,양화대교북단,126.90564273562002,37.55015602400467,11440,마포구,11440680,합정동,102440
3110547,KB국민은행 망원동지점,126.90544985616542,37.559508222945176,11440,마포구,11440700,망원2동,72666
3110458,선일여고,126.9138672649344,37.62118756887732,11380,은평구,11380552,갈현2동,118649
3110459,응암역 2번,126.91355245804971,37.59958162306841,11380,은평구,11380631,신사1동,104660
3110460,구산역 4번,126.91503023530422,37.614521102015296,11380,은평구,11380552,갈현2동,149102
3110536,돈의문센트레빌아파트입구,126.963700171686,37.566027675786486,11410,서대문구,11410565,충현동,21586
3110537,충정로현대아파트,126.96356570918097,37.563225536204584,11410,서대문구,11410565,충현동,52786
3110538,충정로역 3번,126.96472134857186,37.56078418639621,11410,서대문구,11410565,충현동,16657
3110539,미근동,126.96709693781519,37.56355994178927,11410,서대문구,11410565,충현동,48052
3110525,홍은종합사회복지관,126.94602169615612,37.5950329139456,11410,서대문구,11410660,홍은1동,35519
3110569,홍대땡땡거리,126.93200618899284,37.55463408799679,11440,마포구,11440655,서강동,84934
3110570,KB국민은행 서강지점,126.93502567773919,37.54413915657821,11440,마포구,11440630,신수동,24575
3110548,마포구청역 4번,126.90619346235019,37.56220279564018,11440,마포구,11440720,성산1동,113289
3110400,도봉구보건소,127.03917831065678,37.6590088057298,11320,도봉구,11320670,쌍문2동,123299
3110401,도봉구민회관,127.03947085180751,37.655008347922056,11320,도봉구,11320515,창5동,44767
3110415,수락산역 4번,127.05315257704137,37.67578860179999,11350,노원구,11350630,상계1동,197508
3110461,새절역 2번,126.91514802943944,37.590590887541644,11380,은평구,11380600,응암3동,33922
3110588,한겨레신문사,126.96009915669201,37.54779032700743,11440,마포구,11440565,공덕동,72183
3110589,애오개역 3번,126.96046944995787,37.55373704037376,11440,마포구,11440565,공덕동,31214
3110571,신수동주민센터,126.93629182332131,37.545554415089256,11440,마포구,11440630,신수동,75550
3110572,서강대역 1번,126.93704582425697,37.55050130200841,11440,마포구,11440630,신수동,148225
3110424,상계초등학교,127.06751070252072,37.65878876746218,11350,노원구,11350640,상계2동,75911
3110402,도봉구 정병원,127.03933841839088,37.6617477362968,11320,도봉구,11320690,방학1동,118386
3110403,방학1동주민센터,127.0400880977698,37.66485586862868,11320,도봉구,11320690,방학1동,153054
3110404,신창초등학교,127.04051457750556,37.63624951166753,11320,도봉구,11320513,창3동,297142
3110450,시립서북병원,126.90920823667845,37.60544380707197,11380,은평구,11380560,구산동,195983
3111084,길동신동아아파트,127.14797038945525,37.54210915495064,11740,강동구,11740685,길동,20962
3111085,묘곡초등학교(고덕아이파크아파트),127.1539043851388,37.56094142583823,11740,강동구,11740550,고덕1동,144712
3111086,한영중고,127.15459058686204,37.5479481533716,11740,강동구,11740540,명일2동,75463
3111087,고덕중학교(고덕2동주민센터),127.16269966363117,37.56143419088499,11740,강동구,11740560,고덕2동,63497
3111088,고덕동성당,127.16993997135829,37.559955368246186,11740,강동구,11740560,고덕2동,71669
3110439,당고개역 5번,127.07868690249893,37.671287453233404,11350,노원구,11350665,상계3?4동,99026
3110440,상계3동4동주민센터,127.08392455657341,37.672112743973784,11350,노원구,11350665,상계3?4동,54632
3110441,영신여고,127.08261968164804,37.650445067206704,11350,노원구,11350619,중계본동,54737
3110442,화랑대철도공원,127.08997649461074,37.62434716517718,11350,노원구,11350600,공릉2동,20050
3110425,계상초등학교,127.06806833085822,37.661320204941866,11350,노원구,11350670,상계5동,104277
3110474,세명컴퓨터고등학교,126.92176894024712,37.62574305642576,11380,은평구,11380530,불광2동,125765
3110451,증산역 4번,126.91176695211742,37.586867310443004,11380,은평구,11380640,증산동,178167
3110509,연희대우아파트앞,126.92844752122888,37.559929848504545,11410,서대문구,11410585,신촌동,117804
3110510,홍연시장,126.93099000584378,37.57660878891725,11410,서대문구,11410615,연희동,42513
3110488,우리은행응암동지점,126.92985806504463,37.60061956912879,11380,은평구,11380580,응암1동,93490
3110489,불광역 3번,126.93100707256747,37.607179454050986,11380,은평구,11380510,녹번동,31324
3110490,녹번동근린공원,126.93174508513579,37.60512562662295,11380,은평구,11380510,녹번동,128235
3110475,백련산해모로아파트,126.92220593140247,37.59773160300439,11380,은평구,11380580,응암1동,70709
3110476,역촌역 2번,126.92290833727283,37.60838176745521,11380,은평구,11380570,대조동,31638
3110526,봉원사,126.94686696726549,37.5687693370328,11410,서대문구,11410585,신촌동,112347
3110498,증산역 1번,126.91352269766993,37.58615682561889,11410,서대문구,11410720,북가좌2동,115165
3110499,연가초등학교,126.91889386756903,37.581962010876325,11410,서대문구,11410720,북가좌2동,122136
3110500,남가좌동현대아파트,126.91981976539915,37.57369151856133,11410,서대문구,11410700,남가좌2동,26069
3110462,갈현건영아파트,126.9159690380799,37.625721048855574,11380,은평구,11380551,갈현1동,155714
3110463,응암3동주민센터,126.91625609375659,37.5919792064456,11380,은평구,11380600,응암3동,53976
3110464,연신내역 5번,126.91683948862,37.61717129604579,11380,은평구,11380552,갈현2동,99182
3110540,망원나들목체육관,126.90006934224607,37.554395138243954,11440,마포구,11440690,망원1동,61616
3110541,동교초등학교,126.9013889146536,37.55783805697095,11440,마포구,11440700,망원2동,101027
3110527,홍제역 2번,126.94704502804785,37.589059800906874,11410,서대문구,11410640,홍제3동,106073
3110528,서울여자간호대학교,126.9477423876718,37.595682402161245,11410,서대문구,11410640,홍제3동,59337
3110573,신촌역 6번,126.93806204247896,37.55324988350833,11440,마포구,11440600,대흥동,9367
3110574,서강대학교,126.9400117506906,37.5492774882875,11440,마포구,11440600,대흥동,16304
3110549,새터산,126.90864472387649,37.56615108033534,11440,마포구,11440730,성산2동,101078
3110550,합정역 8번,126.90938718433313,37.551249164529125,11440,마포구,11440680,합정동,173803
3111079,둔촌고등학교(둔촌중학교),127.14483672836192,37.53076044252061,11740,강동구,11740700,둔촌2동,66695
3111080,굽은다리역 3번,127.14605826969836,37.54799505551849,11740,강동구,11740530,명일1동,83549
3111082,중앙보훈병원,127.14759082543833,37.53324379403351,11740,강동구,11740700,둔촌2동,21834
3111083,GS강동자이아파트,127.14713686672866,37.538289959838245,11740,강동구,11740685,길동,81524
3110593,신월3동주민센터,126.82679378474677,37.53348831317334,11470,양천구,11470580,신월3동,177705
3110594,신월중학교,126.82756773429242,37.54131913005202,11470,양천구,11470600,신월5동,77868
3110595,메디힐병원,126.8300198040713,37.537799778862734,11470,양천구,11470600,신월5동,187236
3110443,수색역 1번,126.89576167266652,37.583889995567056,11380,은평구,11380650,수색동,39392
3110575,대흥동주민센터,126.94122938667753,37.55505349794558,11440,마포구,11440600,대흥동,71531
3110576,대흥역 3번,126.9438276551154,37.54624299959065,11440,마포구,11440600,대흥동,76040
3110426,상계2동주민센터,127.06967307359568,37.65639990821615,11350,노원구,11350640,상계2동,130017
3110405,방학역 1번,127.04101983972981,37.66914421552273,11320,도봉구,11320690,방학1동,185625
3110452,새절역 3번,126.91251034948718,37.59016549565589,11380,은평구,11380632,신사2동,112690
3110557,홍대부속여중고앞,126.91545636804909,37.55822738671058,11440,마포구,11440660,서교동,112569
3110558,경성고등학교,126.91584558806812,37.564363450925,11440,마포구,11440720,성산1동,321532
3110559,성산중학교,126.91725739230134,37.54663282010309,11440,마포구,11440680,합정동,100801
3110413,누원고등학교,127.04759179455192,37.68360246074166,11320,도봉구,11320522,도봉2동,74353
3110444,수색성당,126.90324089386101,37.5785264427602,11380,은평구,11380640,증산동,73705
3110446,내를건너서숲으로도서관,126.90710860708315,37.59086414192362,11380,은평구,11380632,신사2동,59764
3110427,노원 을지대학교병원,127.07101212612743,37.634487186294194,11350,노원구,11350611,하계1동,30640
3110428,상계5동주민센터,127.07113106886153,37.66417450773257,11350,노원구,11350670,상계5동,217725
3110477,은평세무서,126.92453358673295,37.60271559223417,11380,은평구,11380510,녹번동,101732
3110478,응암1동주민센터,126.92532920921035,37.5998058991835,11380,은평구,11380580,응암1동,61196
3110453,신사1동주민센터,126.91284350185038,37.59576090018161,11380,은평구,11380631,신사1동,209465
3110454,선정중학교,126.91277306605426,37.61729449862414,11380,은평구,11380552,갈현2동,117225
3110511,연희초등학교,126.93270915833847,37.565770810628436,11410,서대문구,11410615,연희동,200962
3110512,연희지하차도,126.93386476704575,37.577349249695644,11410,서대문구,11410615,연희동,112524
3110513,연희파출소,126.93339477301667,37.571204202233716,11410,서대문구,11410615,연희동,81070
3110515,홍은중학교,126.93410032016293,37.59266626188652,11410,서대문구,11410685,홍은2동,64938
3110564,홍대입구역 3번,126.92561802009868,37.55992809983832,11440,마포구,11440660,서교동,49371
3110479,연신내역 2번,126.92503497111771,37.622186278084804,11380,은평구,11380530,불광2동,102295
3110529,홍제3동주민센터,126.94811823117305,37.59255612700315,11410,서대문구,11410640,홍제3동,113498
3110501,연희어린이공원,126.92108280715294,37.567520553183385,11410,서대문구,11410615,연희동,123377
3110502,남가좌파출소,126.92272668132662,37.57596396317863,11410,서대문구,11410700,남가좌2동,125757
3110503,명지대학교교회,126.92354622796533,37.5826588806257,11410,서대문구,11410700,남가좌2동,154746
3110482,연신초등학교,126.92730843440147,37.625629470771514,11380,은평구,11380530,불광2동,35348
3110532,아현역 2번,126.95758023545093,37.55966460055765,11410,서대문구,11410555,북아현동,61152
3110533,충정로역 7번,126.96043246893834,37.559467371533074,11410,서대문구,11410555,북아현동,39228
3110565,홍익대,126.9279111055061,37.552820653360776,11440,마포구,11440655,서강동,43573
3110419,수락산디자인거리,127.05710918618395,37.676426447476146,11350,노원구,11350630,상계1동,125994
3110577,용강동주민센터,126.94405610152825,37.54339595069852,11440,마포구,11440590,용강동,26040
3110578,대흥역 2번,126.94507094731418,37.54823479181836,11440,마포구,11440610,염리동,111950
3110551,성서초등학교,126.9095808699743,37.55953848873831,11440,마포구,11440720,성산1동,102638
3110552,성미산체육관,126.91029976327316,37.564089068838044,11440,마포구,11440720,성산1동,97940
3110590,만리재,126.9625083603722,37.55007064296527,11440,마포구,11440565,공덕동,59702
3110591,충정로역 6번,126.96243633709508,37.558287719911306,11140,중구,11140680,중림동,51038
3110592,서울금융고등학교,126.82563401264187,37.53595534575108,11470,양천구,11470580,신월3동,42118
3110420,광운대역 1번,127.05964942521172,37.62105976995063,11350,노원구,11350560,월계1동,50431
3110468,응암역 3번,126.91823657343359,37.60326100173212,11380,은평구,11380625,역촌동,243033
3110469,응암정보도서관,126.91861754570077,37.586196487934636,11380,은평구,11380600,응암3동,197026
3110579,마포역 4번,126.94507985704341,37.53608932175848,11440,마포구,11440585,도화동,55046
3110429,공릉동 국수거리,127.07311752729491,37.62103417354386,11350,노원구,11350595,공릉1동,160554
3110406,도봉산역 1번,127.04215366082332,37.68982127455393,11320,도봉구,11320521,도봉1동,247532
3110407,도봉역 2번,127.04096665862696,37.675496140869164,11320,도봉구,11320521,도봉1동,454340
3110408,가인초등학교,127.04149012943236,37.65879177963506,11320,도봉구,11320515,창5동,53197
3110432,대진고등학교,127.07327961483666,37.6361436126196,11350,노원구,11350611,하계1동,69099
3110433,공릉역 2번,127.07580558296289,37.62447424820976,11350,노원구,11350595,공릉1동,95309
3110434,태릉입구역 4번,127.07616433988332,37.62081600933059,11350,노원구,11350595,공릉1동,38090
3110435,서울과학기술대,127.07620725251864,37.62956456313447,11350,노원구,11350600,공릉2동,17818
3110692,큰굴다리,126.84627816117745,37.49959252924015,11530,구로구,11530740,개봉1동,68249
3110693,오류동역 4번,126.84628484691747,37.49633089770617,11530,구로구,11530770,오류1동,9129
3110694,세곡초등학교,126.84736461127714,37.50475669640574,11530,구로구,11530730,고척2동,196285
3110695,개봉1동주민센터,126.8517950693802,37.50051860479138,11530,구로구,11530730,고척2동,191612
3110696,오류동역 1번,126.85195494682537,37.49400453363189,11530,구로구,11530750,개봉2동,87977
3110663,우장산롯데캐슬아파트앞,126.84944809476413,37.55417025454575,11500,강서구,11500591,화곡6동,38550
3110664,강서구청옆,126.85205665693027,37.551326400425985,11500,강서구,11500591,화곡6동,22736
3110665,곰달래도서관,126.85265383966636,37.52964910739219,11500,강서구,11500550,화곡2동,205223
3110666,KC대학교,126.85264916819561,37.54927286665986,11500,강서구,11500591,화곡6동,48432
3110749,금산초등학교(금천고등학교),126.90514583518677,37.44205287827401,11545,금천구,11545690,시흥3동,145627
3110750,시흥4동주민센터(서울신흥초등학교),126.90659536161563,37.45774067716475,11545,금천구,11545700,시흥4동,113692
3110681,온수역 1번,126.82491102406816,37.491895234309894,11530,구로구,11530790,수궁동,82313
3110683,오류고등학교,126.82755240000924,37.49882785373005,11530,구로구,11530790,수궁동,41660
3110703,개봉역,126.85897502647666,37.495184430322844,11530,구로구,11530740,개봉1동,119182
3110706,그라운드 고척,126.86565863686842,37.501246978346835,11530,구로구,11530720,고척1동,44173
3110722,G타워,126.89717210666026,37.48023108551514,11530,구로구,11530540,구로3동,84987
3110723,가산디지털단지역 1번 출입구,126.88358899345991,37.48321884165624,11545,금천구,11545510,가산동,42837
3110724,금천구립가산도서관,126.89060246530504,37.4730711718446,11545,금천구,11545510,가산동,64563
3110725,가산동주민센터,126.89045996878538,37.47775628898691,11545,금천구,11545510,가산동,39903
3110803,신길2동우편취급국,126.91200145475099,37.51263424047317,11560,영등포구,11560515,영등포본동,97248
3110804,신풍역 1번,126.9128197716422,37.49952522564555,11560,영등포구,11560680,신길6동,83571
3110805,신길새마을금고신길4동지점,126.91269937112725,37.505805144681965,11560,영등포구,11560660,신길4동,27917
3110733,금천어울림복지센터,126.89749563002177,37.4585800861235,11545,금천구,11545670,시흥1동,36821
3110734,금천파출소,126.89898290125245,37.45366183872093,11545,금천구,11545670,시흥1동,16742
3110735,말미고개,126.89915158569944,37.462708144784365,11545,금천구,11545620,독산2동,180092
3110736,독산119안전센터,126.90081805088234,37.46757501512585,11545,금천구,11545640,독산4동,124454
3110755,동일여자고등학교,126.91283104206283,37.45088873344512,11545,금천구,11545680,시흥2동,59664
3110756,문래중학교,126.88357261885149,37.52289909328725,11560,영등포구,11560610,양평1동,49828
3110757,양평역 2번,126.88411263138504,37.52482776865417,11560,영등포구,11560610,양평1동,73590
3110758,문래소공원,126.88678837498121,37.52089298434439,11560,영등포구,11560605,문래동,38867
3110807,신길역 3번,126.91386182257449,37.51778935200958,11560,영등포구,11560535,영등포동,44675
3110774,당산반도유보라팰리스아파트,126.89978729477909,37.52837403542412,11560,영등포구,11560560,당산2동,35052
3110775,대동초등학교,126.90121560959574,37.49188456755702,11560,영등포구,11560710,대림2동,35075
3110776,도신초등학교,126.90245209989303,37.49754391638084,11560,영등포구,11560720,대림3동,113740
3110643,강서구다솔마을,126.81871882923258,37.555514608627334,11500,강서구,11500620,공항동,127210
3110644,신광명마을,126.82402307103173,37.54741365896421,11500,강서구,11500611,발산1동,121040
3110645,우장산역 4번,126.83351789025177,37.55222974420196,11500,강서구,11500611,발산1동,180103
3110790,대림1동주민센터,126.90647786314138,37.497619252474074,11560,영등포구,11560670,신길5동,115306
3110791,신풍역 3번,126.90725543679011,37.49981832015513,11560,영등포구,11560670,신길5동,21697
3110792,영등포역 2번,126.9076137652341,37.51188305687823,11560,영등포구,11560585,도림동,129915
3110809,장훈고등학교,126.91563253349054,37.51237559866575,11560,영등포구,11560515,영등포본동,31824
3110653,화곡역 2번,126.8414670572051,37.54464527300884,11500,강서구,11500615,우장산동,122821
3110608,신월2동주민센터,126.84586386894,37.52508137526259,11470,양천구,11470570,신월2동,199259
3110609,신정네거리역 2번,126.84904958349273,37.52168871335584,11470,양천구,11470640,신정3동,48181
3110699,덕의초등학교,126.85527871714595,37.506136184220836,11530,구로구,11530730,고척2동,55364
3110700,고척초등학교,126.85735633995357,37.501976069275166,11530,구로구,11530720,고척1동,131905
3110624,목동문화체육센터,126.87104084620819,37.541230447765756,11470,양천구,11470520,목2동,43801
3110625,신정2동주민센터,126.87167959095326,37.518444828950926,11470,양천구,11470630,신정2동,100874
3110626,양화초등학교,126.87340015358663,37.54452164704416,11470,양천구,11470520,목2동,127884
3110654,까치산역 4번,126.8412427376533,37.53303109083655,11500,강서구,11500540,화곡1동,276225
3110655,발산역 5번,126.84257230285237,37.55716160635442,11500,강서구,11500615,우장산동,121172
3110562,연트럴파크(연남동주민센터),126.9233391686964,37.56376488708946,11440,마포구,11440710,연남동,96104
3110563,상수역 3번,126.92421764900801,37.5457274833252,11440,마포구,11440655,서강동,37381
3110751,난곡중학교,126.90692050938276,37.478094765834626,11545,금천구,11545630,독산3동,142894
3110752,한울중학교,126.90894149141734,37.46170696090743,11545,금천구,11545700,시흥4동,160859
3110684,서울공연예술고등학교,126.82997287787619,37.49865116120828,11530,구로구,11530790,수궁동,56085
3110686,수궁동주민센터,126.83415467880374,37.494638620747644,11530,구로구,11530790,수궁동,191258
3110707,구로창업지원센터,126.87946463909495,37.50981240722824,11530,구로구,11530510,신도림동,185688
3110708,화원어린이공원,126.88127053475066,37.49791195977646,11530,구로구,11530530,구로2동,50397
3110709,구로119안전센터,126.88155953983662,37.49392980227567,11530,구로구,11530530,구로2동,88217
3110710,남구로역 3번,126.88394512624056,37.486886294270526,11530,구로구,11530530,구로2동,224117
3110711,구로초등학교,126.88408837350633,37.49662631952319,11530,구로구,11530530,구로2동,157006
3110712,남구로역 5번,126.88656749689855,37.487447465830186,11530,구로구,11530550,구로4동,83115
3110668,화곡2동주민센터,126.85331580752785,37.53247006333166,11500,강서구,11500550,화곡2동,178678
3110670,신곡초등학교,126.85590077983865,37.53553664636464,11500,강서구,11500570,화곡4동,146128
3110726,금천철쭉어린이공원(금하마을),126.8906764836956,37.45329404179641,11545,금천구,11545610,독산1동,44361
3110815,공군호텔,126.9221596147489,37.51166828712483,11560,영등포구,11560630,신길1동,182950
3110816,대방역 6번,126.9236381327389,37.51479573571652,11560,영등포구,11560630,신길1동,92336
3110737,금천세무서,126.90090796494161,37.47653113040603,11545,금천구,11545630,독산3동,84015
3110738,문성초등학교,126.90129790602968,37.472305721353386,11545,금천구,11545630,독산3동,114069
3110739,시흥3동 우편취급국,126.9028417553999,37.44114999204755,11545,금천구,11545690,시흥3동,20887
3110713,구로보건소,126.88723646192494,37.50126053635339,11530,구로구,11530560,구로5동,250966
3110760,선유도역 6번,126.89239957829113,37.536368422439324,11560,영등포구,11560620,양평2동,153365
3110762,선유도역 1번,126.89276731629242,37.54030612628488,11560,영등포구,11560620,양평2동,342694
3110612,신정역 5번,126.85592405599932,37.52343623301962,11470,양천구,11470650,신정4동,167833
3110613,신정네거리역 4번,126.85641846880667,37.51927420530179,11470,양천구,11470620,신정1동,23861
3110614,목동로데오거리,126.8603045895597,37.52810868319107,11470,양천구,11470650,신정4동,77332
3110615,신서초등학교,126.86122287881128,37.520964822449145,11470,양천구,11470620,신정1동,31057
3110616,양목초등학교,126.86214660798909,37.5230652390491,11470,양천구,11470650,신정4동,15723
3110646,푸른들청소년도서관,126.83536920594427,37.54405127997964,11500,강서구,11500560,화곡3동,203547
3110647,화곡역 5번,126.8375535045462,37.5386573219103,11500,강서구,11500540,화곡1동,210252
3110794,영동초등학교,126.90829568124921,37.52769618737837,11560,영등포구,11560560,당산2동,81298
3110795,도림초등학교,126.9091556622347,37.50888390866796,11560,영등포구,11560650,신길3동,68722
3110796,한림대학교한강성심병원,126.90894538092166,37.52370525165795,11560,영등포구,11560535,영등포동,24293
3110596,서서울호수공원,126.8315097591216,37.52933251430504,11470,양천구,11470580,신월3동,118222
3110597,신월1동주민센터,126.83190521052514,37.53460392914984,11470,양천구,11470560,신월1동,181005
3110598,신월문화체육센터,126.8333416013457,37.51957726844986,11470,양천구,11470611,신월7동,105945
3110599,신월1파출소,126.83389315774004,37.53101175155089,11470,양천구,11470560,신월1동,105116
3110416,노원초등학교,127.05719700834393,37.67269635062584,11350,노원구,11350630,상계1동,92687
3110417,월계역 3번,127.05808401363569,37.63272832724608,11350,노원구,11350570,월계2동,29842
3110418,광운대학교 남단,127.05799308954444,37.61777199035563,11350,노원구,11350560,월계1동,88266
3110465,연신내역 7번,126.9175257181981,37.62142443927846,11380,은평구,11380551,갈현1동,72295
3110701,고척동성당,126.85975871674793,37.505447814423974,11530,구로구,11530730,고척2동,44097
3110702,개봉초등학교,126.85889705315547,37.48854391817313,11530,구로구,11530760,개봉3동,91947
3110627,신정롯데캐슬아파트,126.87366784052162,37.519996696799005,11470,양천구,11470630,신정2동,80881
3110628,신목동역,126.87981510484772,37.545168059477646,11470,양천구,11470520,목2동,95041
3110629,송정역 4번,126.80863612346893,37.559535159894644,11500,강서구,11500620,공항동,37678
3110630,공항시장역 1번,126.80849682132225,37.56531932367912,11500,강서구,11500640,방화2동,187213
3110631,방화초등학교,126.80997014983072,37.56903380193178,11500,강서구,11500640,방화2동,91895
3110656,까치산역 3번,126.84296009158733,37.52876264452878,11500,강서구,11500540,화곡1동,201889
3110657,양천향교역 5번,126.84357129242574,37.56653329038731,11500,강서구,11500603,가양1동,124877
3110658,화곡초등학교,126.84598070839382,37.54528194540314,11500,강서구,11500590,화곡본동,65816
3110659,화곡역 4번,126.84644302224991,37.54056131421404,11500,강서구,11500590,화곡본동,372788
3110714,구로4동주민센터,126.88919631652536,37.49132429193936,11530,구로구,11530550,구로4동,140331
3110727,독산역 1번 출입구,126.89133814646827,37.4646654230754,11545,금천구,11545610,독산1동,106562
3110728,두산초등학교,126.89179773823689,37.46734184716617,11545,금천구,11545610,독산1동,50102
3110729,가산동우체국,126.8932520648618,37.47802914720058,11545,금천구,11545510,가산동,85219
3110777,구로세무서,126.90148046698552,37.51406753976341,11560,영등포구,11560605,문래동,45358
3110753,시흥동 은행나무사거리,126.90844852214423,37.448849129363595,11545,금천구,11545710,시흥5동,177282
3110754,삼성산자연공원(서울금천초등학교),126.90927951506106,37.453237704979706,11545,금천구,11545710,시흥5동,134370
3110687,"천왕역 3번(오류2동주민센터, 서울오류남초등학교)",126.83800209949736,37.488174732550505,11530,구로구,11530780,오류2동,42464
3110688,오류지구대,126.83863113866649,37.49536562485887,11530,구로구,11530770,오류1동,79928
3110715,구로구민회관,126.88847512035333,37.497252236455466,11530,구로구,11530560,구로5동,40106
3110716,구로나눔길,126.88879671563531,37.49390980603042,11530,구로구,11530530,구로2동,50788
3110717,남구로역 2번,126.88901449779476,37.48428725232738,11530,구로구,11530595,가리봉동,206144
3110671,등촌1동주민센터,126.8592232956464,37.55565994906193,11500,강서구,11500520,등촌1동,231350
3110672,백석중학교,126.85961370194514,37.5466324179359,11500,강서구,11500530,등촌2동,69786
3110673,뜸부기어린이공원,126.85970067142665,37.53041452973515,11500,강서구,11500570,화곡4동,145209
3110813,보라매역 6번,126.91911721349943,37.50101636484535,11560,영등포구,11560680,신길6동,100264
3110814,서울지방병무청,126.92170023319794,37.507496332940526,11560,영등포구,11560690,신길7동,141531
3110649,우장산역 1번,126.83779402108571,37.55298352357683,11500,강서구,11500615,우장산동,70187
3110740,금천해태공원,126.90153063651739,37.45862856769765,11545,금천구,11545670,시흥1동,148638
3110741,독산2동주민센터,126.9017046630445,37.46383656022357,11545,금천구,11545620,독산2동,96407
3110742,KT금천빌딩(금천구시설관리공단),126.90285669090942,37.44707867860115,11545,금천구,11545670,시흥1동,35970
3110798,신풍역 2번,126.90916810677236,37.49861245831046,11560,영등포구,11560680,신길6동,21568
3110765,문래동사거리,126.89551189177746,37.51143147963066,11560,영등포구,11560605,문래동,81024
3110766,대림역 5번,126.89644912574266,37.496178287632986,11560,영등포구,11560720,대림3동,94929
3110767,도림동주민센터,126.8961583972878,37.51013460386422,11560,영등포구,11560585,도림동,27268
3110600,신월7동주민센터,126.83486165433128,37.522777960294526,11470,양천구,11470611,신월7동,158307
3110466,구산역 2번,126.91804969701305,37.608441562863476,11380,은평구,11380625,역촌동,102377
3110467,은평요양병원,126.91913049837581,37.62484029093253,11380,은평구,11380551,갈현1동,59339
3110514,서대문우체국,126.93280530945287,37.55953597042736,11410,서대문구,11410585,신촌동,91935
3110650,우장산힐스테이트,126.83869481098496,37.55510210039808,11500,강서구,11500615,우장산동,18832
3110651,화원중학교,126.83915364557924,37.53644305357173,11500,강서구,11500540,화곡1동,142874
3110652,양천향교역 2번,126.83980405551263,37.570889053094895,11500,강서구,11500603,가양1동,98467
3110799,영등포본동주민센터,126.91002115746218,37.51338058174546,11560,영등포구,11560515,영등포본동,29319
3110800,영등포동성당,126.91020399762098,37.52126449878274,11560,영등포구,11560535,영등포동,33962
3110802,신길동홍어거리,126.91249046187012,37.51037308349919,11560,영등포구,11560660,신길4동,44973
3110601,신월1동우편취급국,126.83653591090075,37.52795203678687,11470,양천구,11470560,신월1동,220158
3110602,신월시영아파트중문,126.83778857051472,37.518934737930614,11470,양천구,11470611,신월7동,61404
3110603,지향초등학교,126.84015504526609,37.512549854396376,11470,양천구,11470640,신정3동,60198
3110660,등촌3동주민센터,126.84728936932454,37.55832107704375,11500,강서구,11500535,등촌3동,151533
3110778,구로디지털단지역 4번,126.90245239287532,37.48862394889115,11560,영등포구,11560710,대림2동,204978
3110611,신정역 1번,126.85672145126978,37.526464568346604,11470,양천구,11470650,신정4동,105248
3110784,신대림초등학교,126.90392945139324,37.491895815643836,11560,영등포구,11560700,대림1동,37357
3110785,영등포푸르지오아파트,126.90408827327902,37.5091772342772,11560,영등포구,11560585,도림동,109702
3110617,등촌역 4번,126.86501203740983,37.54629633318375,11470,양천구,11470530,목3동,57686
3110618,강서고등학교,126.86539410373967,37.535196458603345,11470,양천구,11470540,목4동,123264
3110619,목4동주민센터,126.86590990704703,37.53147591380736,11470,양천구,11470540,목4동,39755
3110632,방화역 3번,126.81114416473983,37.57478402665346,11500,강서구,11500630,방화1동,70905
3110633,개화산역 1번,126.81020968720401,37.57277331235714,11500,강서구,11500640,방화2동,21731
3110634,송정역 3번,126.81340625888835,37.557416444538866,11500,강서구,11500620,공항동,238960
3110661,강서새말어린이공원,126.84773181802537,37.55223991977548,11500,강서구,11500591,화곡6동,38920
3110662,까치산역 1번,126.84913619684757,37.53485244846705,11500,강서구,11500593,화곡8동,230187
3110718,한국SGI본부,126.89080694582884,37.503462343662285,11530,구로구,11530560,구로5동,113693
3110745,독산동정훈단지,126.90403048852814,37.46594683806725,11545,금천구,11545620,독산2동,79548
3110746,금천금빛공원(은행나무사거리서측),126.90447806264076,37.451774280596055,11545,금천구,11545670,시흥1동,57787
3110747,석수역 1번 출입구,126.90470328680757,37.43459211622573,11545,금천구,11545690,시흥3동,72218
3110675,화곡4동주민센터,126.86053834758106,37.53623598406385,11500,강서구,11500570,화곡4동,164488
3110676,등촌역 7번,126.86090887758043,37.54994962347848,11500,강서구,11500530,등촌2동,73721
3110677,등촌역 1번,126.86575698649337,37.55366734475919,11500,강서구,11500520,등촌1동,46900
3110678,염창무학아파트,126.87626490361211,37.550228003091,11500,강서구,11500510,염창동,27977
3110679,염창역 2번,126.87712806513225,37.54833680854631,11500,강서구,11500510,염창동,69101
3110680,온수역 5번(온수산업단지),126.8185078878857,37.49311994948703,11530,구로구,11530790,수궁동,136117
3110689,오류동역 3번,126.84274264528946,37.49760566370818,11530,구로구,11530770,오류1동,115792
3110690,오류2동버들시장,126.84304783057685,37.49227211395636,11530,구로구,11530780,오류2동,163596
3110691,개봉중학교,126.84449665369102,37.50249143401964,11530,구로구,11530740,개봉1동,78095
3110719,영서중학교,126.8926376285484,37.48867850808619,11530,구로구,11530540,구로3동,12156
3110720,대림역 2번,126.89308384367953,37.4929406764136,11530,구로구,11530550,구로4동,111299
3110721,가리봉파출소,126.89297855818604,37.479551604922634,11530,구로구,11530595,가리봉동,71977
3110768,도림2동유수지내체육시설,126.89705620583169,37.50701791437905,11560,영등포구,11560585,도림동,51407
3110817,대방역 4번,126.92289272549621,37.51369602690586,11560,영등포구,11560630,신길1동,51645
3110818,신대방역 3번,126.91015487331812,37.48674695130216,11590,동작구,11590670,신대방1동,49264
3110819,신대방역 4번,126.91105702584524,37.48877490125431,11590,동작구,11590670,신대방1동,181264
3110820,성남고등학교,126.9236826987537,37.504353122909095,11590,동작구,11590660,대방동,100016
3110730,서울축산농협 독산역지점(독산파출소),126.89490976198287,37.46490291619055,11545,금천구,11545610,독산1동,115670
3110731,금천구청역 1번 출입구,126.89643798420333,37.45509224627107,11545,금천구,11545670,시흥1동,161006
3110732,가산초등학교(세일중학교),126.89749458115419,37.475906522035814,11545,금천구,11545610,독산1동,134081
3110743,시흥초등학교(시흥1동우체국),126.90430389990269,37.45541423177664,11545,금천구,11545670,시흥1동,121078
3110744,독산동성당,126.90418270467585,37.47067726744691,11545,금천구,11545640,독산4동,207152
3110769,대림차이나타운(대림역 12번),126.8971235493342,37.49090798747462,11560,영등포구,11560710,대림2동,35768
3110770,영등포구청역 6번,126.8977131408658,37.52289416609549,11560,영등포구,11560550,당산1동,47293
3110771,대림역 11번,126.8988628868371,37.49241417100042,11560,영등포구,11560710,대림2동,24375
3110772,신우어린이공원,126.89879193948084,37.50309103254977,11560,영등포구,11560720,대림3동,40126
3110639,신방화역 8번,126.8146749940266,37.566086019095295,11500,강서구,11500630,방화1동,97165
3110640,방화역 1번,126.81565326249788,37.577899580777924,11500,강서구,11500641,방화3동,79681
3110641,공항고등학교,126.81819214306506,37.57199300098482,11500,강서구,11500630,방화1동,67482
3110786,당산역 8번,126.90478057162831,37.53401843325648,11560,영등포구,11560560,당산2동,54674
3110787,신길3동주민센터,126.90568609063068,37.50674580845403,11560,영등포구,11560650,신길3동,95882
3110788,영등포시장역 3번,126.90613027820348,37.52233352432056,11560,영등포구,11560535,영등포동,10464
3110789,대림성모병원,126.90629428541293,37.49068135537327,11560,영등포구,11560700,대림1동,86491
3110810,영신초등학교,126.91666342067874,37.51093472393394,11560,영등포구,11560630,신길1동,117632
3110811,보라매역 4번,126.91732113238506,37.499141029237336,11560,영등포구,11560680,신길6동,44661
3110812,신길6동주민센터,126.91723213362471,37.49780747786807,11560,영등포구,11560680,신길6동,59185
3110604,신월4동주민센터,126.83937402800503,37.52336983439267,11470,양천구,11470590,신월4동,150486
3110605,목동센트럴아이파크앞,126.8406570017279,37.51585721377825,11470,양천구,11470610,신월6동,38129
3110606,신한은행 신월동지점,126.84122532645456,37.51989447026174,11470,양천구,11470590,신월4동,158709
3110607,금빛새마을금고본점,126.84545548355003,37.520143351645594,11470,양천구,11470570,신월2동,36823
3110697,개봉3동주민센터,126.85397516427814,37.484402313249085,11530,구로구,11530760,개봉3동,81457
3110698,개웅초등학교(개웅중학교),126.85324361249401,37.48845594025623,11530,구로구,11530760,개봉3동,131201
3110748,백산초등학교,126.90457258515943,37.44853971878937,11545,금천구,11545710,시흥5동,70150
3110620,목동보건지소,126.86714092211024,37.539081745942845,11470,양천구,11470540,목4동,177925
3110621,목동역 5번,126.86761812174178,37.525161822788036,11470,양천구,11470510,목1동,34475
3110622,달마을공원,126.8694948546841,37.545319284332244,11470,양천구,11470520,목2동,90372
3110635,공항시장역 3번,126.81364982337973,37.56413825633674,11500,강서구,11500620,공항동,95722
3110636,방화역 2번,126.81297954691757,37.57418328295361,11500,강서구,11500630,방화1동,44808
3110637,송정역 2번,126.81365511965096,37.562011915923925,11500,강서구,11500620,공항동,86547
3110638,신방화역 2번,126.81411374137508,37.56875208070871,11500,강서구,11500630,방화1동,180870
3111026,문정역 2번,127.12601152245665,37.48402890980623,11710,송파구,11710641,문정1동,123212
3111027,문정초등학교,127.12648283683586,37.48862354516316,11710,송파구,11710641,문정1동,124929
3111025,경찰병원역 3번,127.12587022274428,37.494156381623775,11710,송파구,11710632,가락2동,59147
3110830,상도초등학교,126.93885241447533,37.50003712222016,11590,동작구,11590560,상도4동,126620
3110831,상도4동주민센터,126.94060640252178,37.49865046770086,11590,동작구,11590560,상도4동,56494
3110880,신림역 1번,126.93346098403177,37.483969250297825,11620,관악구,11620645,서원동,38288
3110881,구립대학경로당(관악산샘말공원),126.9362223021795,37.46769853841552,11620,관악구,11620735,대학동,234224
3110882,신성초등학교,126.93625169251668,37.473023526393646,11620,관악구,11620665,서림동,147004
3110942,염곡동 구룡사(포이동성당),127.04589577327441,37.46958093920278,11650,서초구,11650652,양재2동,252432
3110943,법제교육센터(버들어린이공원),127.0463842665295,37.47347311339665,11650,서초구,11650652,양재2동,57521
3110968,강남구청역 2번,127.04017728415381,37.514651405696064,11680,강남구,11680531,논현2동,43750
3110969,베르사이유1아파트,127.04030454992456,37.498901794389674,11680,강남구,11680650,역삼2동,55302
3110970,학동초등학교,127.04121621721019,37.51156961384925,11680,강남구,11680531,논현2동,50014
3110971,선정릉역 4번,127.04287643755754,37.50728024088782,11680,강남구,11680640,역삼1동,133222
3110972,강남세브란스병원미래의학연구센터,127.04250730304766,37.49455817070105,11680,강남구,11680650,역삼2동,46603
3110973,강남구청역 4번,127.04355043686776,37.518821856356446,11680,강남구,11680565,청담동,66136
3111037,Sh수협은행 오금동금융센터(아랫말어린이공원),127.13763832029571,37.504513831140805,11710,송파구,11710570,오금동,27617
3111017,송파나루역 3번,127.11546723853742,37.50913270698353,11710,송파구,11710562,방이2동,32806
3111042,거여역 1번(거여공원),127.14357306164347,37.49713654406891,11710,송파구,11710531,거여1동,146365
3110848,양지어린이공원,126.97574820925163,37.48165188517359,11590,동작구,11590620,사당1동,116036
3111077,길동주민센터(강동도서관),127.14326513418865,37.537195500867774,11740,강동구,11740685,길동,247203
3111028,문현중학교(장지역 1번),127.12733063992445,37.48182002557716,11710,송파구,11710646,장지동,53688
3111051,천호역 6번,127.1243996374976,37.53472111071503,11740,강동구,11740650,성내2동,159647
3111052,암사역 3번(천호동자전거거리),127.12510051019554,37.54790198936116,11740,강동구,11740610,천호2동,129295
3111053,성내천어린이공원(하니사랑길),127.12533575007856,37.526187642325176,11740,강동구,11740640,성내1동,139845
3110823,신대방삼거리역 3번,126.92643975532327,37.49536283253441,11590,동작구,11590680,신대방2동,88509
3110824,대방역 3번,126.92697769750927,37.51195968526966,11590,동작구,11590660,대방동,46862
3110825,신대방삼거리역 1번,126.93188956480161,37.496213046443046,11590,동작구,11590550,상도3동,182490
3110871,신원동주민센터,126.92727965292688,37.480514744310774,11620,관악구,11620655,신원동,49950
3110849,이수역 10번,126.97713757819878,37.48589591263276,11590,동작구,11590640,사당3동,119168
3110899,낙성대역 5번(관악중학교),126.96310907993906,37.47921589038771,11620,관악구,11620575,행운동,73363
3111029,오금역 4번,127.12738052925893,37.497884928294894,11710,송파구,11710632,가락2동,43089
3111030,방이역 2번,127.12947590742026,37.506334079138135,11710,송파구,11710570,오금동,50911
3110856,미성초등학교,126.91315922448254,37.47982945317871,11620,관악구,11620765,미성동,127503
3110857,미성동주민센터,126.91434024298789,37.475271208267024,11620,관악구,11620765,미성동,113505
3110858,신대방역 1번,126.91470002177657,37.48696656212724,11620,관악구,11620685,신사동,23709
3110859,난향초등학교,126.916637376392,37.46313623867954,11620,관악구,11620715,난향동,77274
3110872,신림초등학교,126.92772277446338,37.47824447329985,11620,관악구,11620655,신원동,53857
3110873,당곡중학교,126.9294742646681,37.49122005096885,11620,관악구,11620525,보라매동,132683
3110926,신중초등학교,127.00801608855255,37.481609051735134,11650,서초구,11650530,서초3동,98883
3110900,낙성대역 1번(관악구민 종합체육센터),126.96341671782614,37.474332513851415,11620,관악구,11620625,인헌동,111817
3110983,국립국악고등학교,127.05028744787174,37.47790448472096,11680,강남구,11680690,개포4동,56042
3110984,포이초등학교(개포목련어린이공원),127.05211611260901,37.473804098067625,11680,강남구,11680690,개포4동,137098
3110832,노량진초등학교,126.9418413498675,37.51027405078857,11590,동작구,11590510,노량진1동,100857
3110833,상도역 2번,126.94522812869438,37.503518132531745,11590,동작구,11590540,상도2동,54544
3110910,내방역 5번,126.98948430655278,37.48829433820564,11650,서초구,11650621,방배4동,60073
3110912,방배동사이길,126.99019588863594,37.49419599826771,11650,서초구,11650590,방배본동,26478
3110929,남부터미널역 1번,127.02059047499684,37.48854529413417,11650,서초구,11650510,서초1동,186714
3110988,청담역 3번,127.05425101906182,37.51829484426531,11680,강남구,11680580,삼성1동,79185
3110989,대치동아우편취급국,127.05449997860173,37.502878544358616,11680,강남구,11680630,대치4동,40587
3111054,암사역 4번(삼성광나루아파트),127.12825674847986,37.553935288237795,11740,강동구,11740580,암사2동,15538
3111055,선사초등학교,127.12864361999064,37.55515121358037,11740,강동구,11740580,암사2동,11026
3111056,천호태영아파트,127.12880605851154,37.53774374681216,11740,강동구,11740620,천호3동,31985
3111057,천호공원(해공체육문화센터),127.12987932321663,37.54332876710307,11740,강동구,11740610,천호2동,116161
3110883,은천초등학교(은천교앞),126.93703112025764,37.487223846511434,11620,관악구,11620525,보라매동,111515
3110884,봉천역 4번(봉천110안전센터),126.93923762562211,37.485206743766895,11620,관악구,11620605,은천동,43849
3111003,삼전역 4번,127.0824809580479,37.504276899620265,11710,송파구,11710650,잠실본동,272855
3111004,삼전역 1번,127.08515279573975,37.50671672745682,11710,송파구,11710650,잠실본동,245561
3111005,삼전역 3번,127.08868660012052,37.501461266767535,11710,송파구,11710610,삼전동,193689
3111006,석촌고분역 1번,127.09397230648412,37.50490803067036,11710,송파구,11710610,삼전동,182032
3111059,강동역 4번(강풀만화거리),127.13032680682069,37.533876788109865,11740,강동구,11740650,성내2동,282300
3110829,장승배기역 5번,126.93822404487153,37.507776431607745,11590,동작구,11590520,노량진2동,92311
3110877,신림역 8번,126.93306314109579,37.486338677230954,11620,관악구,11620695,신림동,103978
3111058,성내중학교,127.13021797817682,37.529849435267344,11740,강동구,11740640,성내1동,39694
3110850,사당역 10번,126.97815707930891,37.47941785252698,11590,동작구,11590620,사당1동,202958
3110851,경문고등학교(동작동성당),126.9796687098256,37.49179797650655,11590,동작구,11590630,사당2동,115412
3110945,본마을노인복지센터(서초구립내곡도서관),127.05258898631524,37.454900667788976,11650,서초구,11650660,내곡동,104024
3110947,청계산입구역 2번(내곡동주민센터),127.05879859538975,37.44649128517344,11650,서초구,11650660,내곡동,84941
3111060,암사역 2번(서울강동초등학교),127.13016858602187,37.54699551295604,11740,강동구,11740610,천호2동,219221
3110860,호림박물관(성보고등학교),126.91925103502298,37.48176193235565,11620,관악구,11620765,미성동,69058
3110861,관악구신사동주민센터,126.91779018557327,37.483905325185546,11620,관악구,11620685,신사동,200822
3111019,한성백제역 3번,127.11767970969707,37.5135634626904,11710,송파구,11710562,방이2동,182798
3111020,방이동고분군(방산고등학교),127.1206099818534,37.50698317749334,11710,송파구,11710561,방이1동,28997
3110901,인헌고등학교(인헌중학교),126.96815523319425,37.470369440518155,11620,관악구,11620625,인헌동,92180
3110902,사당역 4번,126.97740115501247,37.47420987457289,11620,관악구,11620630,남현동,250733
3110903,방배아이파크아파트,126.98467795466243,37.49217715544628,11650,서초구,11650590,방배본동,92803
3111031,장지동주민센터(한림연예예술고교),127.1305941940208,37.486051200890266,11710,송파구,11710646,장지동,83345
3111032,방이역 1번,127.13021532267395,37.50879300826817,11710,송파구,11710570,오금동,77913
3110862,난곡초등학교(난곡동벽화마을),126.91827817871315,37.4718591698255,11620,관악구,11620775,난곡동,58047
3110913,방현초등학교(방배119안전센터),126.9881405944352,37.476626146972635,11650,서초구,11650620,방배3동,148771
3110930,서초동성당,127.02113434425956,37.49252765149737,11650,서초구,11650510,서초1동,98532
3110931,삼성전자서울R&D(서울우면초등학교),127.02086692437558,37.466137137513066,11650,서초구,11650651,양재1동,44205
3110932,서울시인재개발원,127.02314450898045,37.48400374005414,11650,서초구,11650510,서초1동,40038
3110934,우면주공아파트,127.02616941071274,37.46893822662192,11650,서초구,11650651,양재1동,80617
3110935,한전아트센터,127.02666167514542,37.486336610397004,11650,서초구,11650520,서초2동,32304
3110992,도곡초등학교,127.05662399395345,37.50003036704142,11680,강남구,11680630,대치4동,138866
3110994,개포고등학교,127.06142798105036,37.48338636262938,11680,강남구,11680670,개포2동,61589
3110995,봉은사역 4번,127.0628243482368,37.51715533112735,11680,강남구,11680580,삼성1동,122757
3110996,대치2동주민센터,127.06396507703604,37.50186467208032,11680,강남구,11680610,대치2동,112841
3110835,상도역 1번,126.94783039548784,37.50196057073668,11590,동작구,11590530,상도1동,39906
3110836,상도역 5번,126.95142621863678,37.50276399907485,11590,동작구,11590530,상도1동,239852
3110915,서래초등학교,126.99289844460696,37.49500709788962,11650,서초구,11650590,방배본동,76657
3111007,석촌고분역 4번,127.09387561308928,37.499943567584296,11710,송파구,11710610,삼전동,163064
3111008,석촌고분역 3번,127.1003217674192,37.49998331948502,11710,송파구,11710600,석촌동,104883
3110878,미림여고,126.93275440086107,37.46495754205565,11620,관악구,11620745,삼성동,45308
3110879,신림현대아파트,126.93345849830335,37.47402210757342,11620,관악구,11620745,삼성동,51568
3110936,더케이호텔(양재리본타워2단지아파트),127.03499659545136,37.46580943362619,11650,서초구,11650652,양재2동,43233
3111043,마천공원,127.14553646050463,37.500756183807006,11710,송파구,11710550,마천2동,67894
3111044,남천초등학교,127.14893749244365,37.49924726592884,11710,송파구,11710550,마천2동,129883
3110885,영락고등학교,126.93927952242284,37.47534972675296,11620,관악구,11620665,서림동,138911
3110886,관악해태어린이공원,126.93993789413283,37.47201632617376,11620,관악구,11620665,서림동,78673
3110887,서울산업정보학교(서울삼성초등학교),126.94166944457962,37.469539414833946,11620,관악구,11620735,대학동,56397
3111009,송파책박물관,127.10125882793189,37.49881121238397,11710,송파구,11710600,석촌동,34040
3111010,석촌역 7번,127.10161833772673,37.5054062634517,11710,송파구,11710600,석촌동,200178
3111011,잠실나루역,127.10435448058153,37.52106332251792,11710,송파구,11710690,잠실4동,25839
3111012,석촌역 6번,127.10561747375874,37.50219517719213,11710,송파구,11710600,석촌동,120754
3111013,송파나루역 1번(송리단길),127.10820636509024,37.509382852628754,11710,송파구,11710580,송파1동,191523
3111045,개미어린이공원,127.14898998707609,37.491516567954285,11710,송파구,11710532,거여2동,42008
3111046,마천역(마천초등학교),127.15239139655954,37.495999240540726,11710,송파구,11710540,마천1동,209850
3111047,마천1치안센터,127.15665583665135,37.49657030635304,11710,송파구,11710540,마천1동,131215
3110826,장승배기역 4번,126.93454072724737,37.50344061329934,11590,동작구,11590540,상도2동,115676
3110827,NH농협은행 상도동지점,126.93491581693598,37.5012784070823,11590,동작구,11590560,상도4동,68956
3110828,노량진역 6번,126.93618546819476,37.511009954205484,11590,동작구,11590520,노량진2동,236972
3110852,이수역 9번,126.97970490974784,37.48338256793148,11590,동작구,11590620,사당1동,44183
3110853,KT구로지사,126.90223628689705,37.4809201509186,11620,관악구,11620725,조원동,80033
3110854,조원동주민센터,126.90771790286111,37.482411223638444,11620,관악구,11620725,조원동,47109
3110855,신대방역 2번,126.9122380925766,37.484405896181045,11620,관악구,11620725,조원동,155155
3110949,한남IC,127.01924190902562,37.520900625032915,11680,강남구,11680510,신사동,62126
3110951,신사은행나무공원,127.02530515090473,37.520746311113015,11680,강남구,11680510,신사동,29000
3110952,논현목련공원,127.02643303571321,37.51132156590984,11680,강남구,11680521,논현1동,21629
3110953,학동근린공원,127.02715858682251,37.51592553184007,11680,강남구,11680521,논현1동,92947
3110954,국기원,127.02861260731483,37.502446158373125,11680,강남구,11680640,역삼1동,39799
3110955,논현초등학교,127.02944076055603,37.508996262830124,11680,강남구,11680521,논현1동,190913
3110956,언주역 8번,127.03123727641653,37.504616916864755,11680,강남구,11680640,역삼1동,71587
3111049,천호지구대(천호동자전거거리),127.12347517955997,37.54358791690794,11740,강동구,11740610,천호2동,110424
3110863,난우초등학교,126.91814903209799,37.4762560085099,11620,관악구,11620765,미성동,109345
3111021,방이역 4번,127.12279974688528,37.51121564107836,11710,송파구,11710561,방이1동,324278
3111022,석촌중학교(방이육교),127.12460694915103,37.502906487064415,11710,송파구,11710620,가락본동,80535
3111023,문정역 1번,127.1231233502374,37.48787024777591,11710,송파구,11710641,문정1동,61838
3110904,이수역 5번,126.984826355552,37.4852574343676,11650,서초구,11650610,방배2동,47127
3110905,방배노인종합복지관(이수중학교),126.98605942962958,37.481815733304714,11650,서초구,11650610,방배2동,76869
3110906,서문여고,126.98630664868188,37.490132068488606,11650,서초구,11650621,방배4동,37319
3110907,방배초등학교,126.98530089260097,37.48702347050339,11650,서초구,11650621,방배4동,103888
3110908,구반포역,126.98680207203515,37.50209749402901,11650,서초구,11650550,반포본동,28724
3111033,문정동성당,127.13328829277718,37.487778126640926,11710,송파구,11710646,장지동,23375
3111034,오동나무공원(송파레미니스1단지),127.13453196048948,37.50662576054443,11710,송파구,11710570,오금동,139482
3110864,신림우방아파트,126.91942610947666,37.48718612163995,11620,관악구,11620685,신사동,106563
3110865,남강고등학교(남강중학교),126.92092171529349,37.473536847262565,11620,관악구,11620775,난곡동,181632
3110916,내방역 4번,126.9922435775226,37.48524914404242,11650,서초구,11650600,방배1동,103116
3110939,양재역 8번(양재동우체국),127.03961711792392,37.482044176111465,11650,서초구,11650651,양재1동,218114
3110940,양재근린공원(양재2동주민센터),127.0406291976269,37.47191648467483,11650,서초구,11650652,양재2동,32454
3111024,경찰병원역 4번(건너말공원),127.12347042338958,37.492645223029825,11710,송파구,11710620,가락본동,34910
3110997,대청초등학교,127.08459279952699,37.491544188739695,11680,강남구,11680730,일원1동,236964
3110999,윗방죽마을공원,127.10388999835395,37.47158947606482,11680,강남구,11680700,세곡동,239797
3111001,아래방죽마을공원(율현초등학교),127.10864856928458,37.47110766115253,11680,강남구,11680700,세곡동,159591
3110837,숭실대입구역 1번,126.95345543447249,37.49497111222602,11590,동작구,11590530,상도1동,148274
3110838,상도1동주민센터앞,126.95375929484123,37.49734087900624,11590,동작구,11590530,상도1동,13134
3110839,숭실대입구역 4번,126.95691601812626,37.494494891316954,11590,동작구,11590530,상도1동,68786
3110888,청룡동주민센터,126.94360664715312,37.47905502019646,11620,관악구,11620595,청룡동,38688
3110917,서초소방서,126.99272858909924,37.49740376539021,11650,서초구,11650581,반포4동,48294
3110918,방배역 3번,126.99357804332585,37.48208668385183,11650,서초구,11650600,방배1동,62846
3110919,내방역 8번,126.99493421679534,37.490646327770875,11650,서초구,11650621,방배4동,88173
3110874,원신초등학교(구세군관악영문교회),126.9307281502625,37.46809189016671,11620,관악구,11620745,삼성동,110847
3110875,보라매동주민센터(당곡고등학교),126.93220148830412,37.488915068375626,11620,관악구,11620525,보라매동,62226
3110876,서원동주민센터(신관중학교),126.9324927479113,37.479382566439355,11620,관악구,11620645,서원동,59122
3111089,상일여고(상일초등학교),127.17135024456684,37.54811423179494,11740,강동구,11740520,상일동,126943
3111061,암사역 1번,127.13119554025,37.55185075538313,11740,강동구,11740570,암사1동,175331
3111062,둔촌동역 3번(성내3동주민센터),127.13163389250455,37.5243968073635,11740,강동구,11740660,성내3동,106811
3110889,봉천역 6번,126.94521951542806,37.48434470072742,11620,관악구,11620605,은천동,42797
3110890,봉천역 1번(관악초등학교),126.94561832862236,37.48009212372077,11620,관악구,11620595,청룡동,53715
3110891,구암초등학교,126.94814514042771,37.488373527251575,11620,관악구,11620565,성현동,40509
3110957,언북중학교,127.03163863224623,37.517690383667826,11680,강남구,11680531,논현2동,94815
3110958,역삼역 4번,127.032650312549,37.50307581535111,11680,강남구,11680640,역삼1동,73119
3110959,신구중학교,127.03234329010427,37.5254207967679,11680,강남구,11680545,압구정동,35960
3111014,송파나루역 2번,127.11121961236134,37.5125425779649,11710,송파구,11710562,방이2동,72714
3111015,석촌역 3번,127.11191117169507,37.50603667404324,11710,송파구,11710580,송파1동,226584
3111016,송파역 2번,127.11534113261456,37.500681404240055,11710,송파구,11710590,송파2동,99527
3111038,보인중학교,127.13906576695737,37.49972782218089,11710,송파구,11710570,오금동,83602
3111039,벌말어린이공원,127.13867447153532,37.50217000650291,11710,송파구,11710570,오금동,63272
3110843,사당5동주민센터,126.96715345813965,37.486317032647825,11590,동작구,11590651,사당5동,42412
3111063,강동구립 천호도서관,127.13228380422073,37.54009151114284,11740,강동구,11740620,천호3동,150522
3111064,둔촌동역 4번,127.13232964353003,37.52761260530839,11740,강동구,11740660,성내3동,51128
3111065,천일초등학교,127.13400613278739,37.54145908808072,11740,강동구,11740620,천호3동,62233
3110961,언주역 3번,127.03424852226986,37.51091410642729,11680,강남구,11680531,논현2동,63031
3111035,오금공원(오주중학교),127.13464963793048,37.502877446707714,11710,송파구,11710570,오금동,95041
3110821,보라매역 2번,126.92335100919047,37.496919610156816,11590,동작구,11590680,신대방2동,128484
3110822,신대방삼거리역 4번(대림초등학교),126.92627500021709,37.50191304446327,11590,동작구,11590660,대방동,91041
3110866,난우중학교,126.92250888426989,37.46920403931831,11620,관악구,11620775,난곡동,139406
3110845,사당종합체육관,126.97022712492597,37.49087694684154,11590,동작구,11590640,사당3동,33058
3110846,남성역 1번,126.97230002266343,37.48110151163349,11590,동작구,11590650,사당4동,212396
3110847,예술인마을,126.9722449950684,37.47703794678495,11590,동작구,11590620,사당1동,104588
3110895,샤로수길,126.9561011279273,37.47637531474311,11620,관악구,11620585,낙성대동,315417
3111066,암사동성당(효정하나플러스아파트),127.1344048084421,37.54923425244234,11740,강동구,11740570,암사1동,106562
3111067,강동구립성내도서관,127.13498479934741,37.531988464913475,11740,강동구,11740660,성내3동,203966
3111068,강동성심병원,127.13534262472469,37.53591641659651,11740,강동구,11740685,길동,19646
3111069,천호1동주민센터,127.13628598009838,37.544474825181176,11740,강동구,11740600,천호1동,110491
3111036,투구봉어린이공원,127.13703070858396,37.4938376214479,11710,송파구,11710632,가락2동,31938
3110840,중앙대학교,126.95854822113027,37.50801957342652,11590,동작구,11590605,흑석동,107472
3110867,국제신학대학원대학교(남서울중학교),126.92382957139145,37.48223349725715,11620,관악구,11620655,신원동,95938
3110868,남부초등학교,126.9232504169453,37.48471089568093,11620,관악구,11620685,신사동,87679
3110869,"신림역 5번(신림동주민센터, 신림동별빛거리)",126.92548680651547,37.48705494828831,11620,관악구,11620695,신림동,194701
3110896,관악우성아파트,126.95732785728279,37.48615171097216,11620,관악구,11620575,행운동,23731
3110897,서울대입구역 8번,126.95740956273038,37.481646697842024,11620,관악구,11620575,행운동,115911
3110974,언주중학교,127.04492734334141,37.5135955199018,11680,강남구,11680590,삼성2동,35151
3110975,매봉역 1번,127.04504709957133,37.48700678702529,11680,강남구,11680655,도곡1동,52363
3110976,언북초등학교,127.04654991056013,37.521794022013864,11680,강남구,11680565,청담동,55724
3111070,천호초등학교,127.13742293636366,37.547410762366354,11740,강동구,11740600,천호1동,59080
3111071,천동초등학교,127.1390051712396,37.5402279504402,11740,강동구,11740685,길동,35500
3111072,굽은다리역 1번(십자성마을),127.1392478634447,37.54295769170239,11740,강동구,11740600,천호1동,153254
3111073,둔촌동역 1번(한산중학교),127.13970109005331,37.53115405950385,11740,강동구,11740700,둔촌2동,179874
3110841,중대부중,126.96345856937822,37.50446222425493,11590,동작구,11590605,흑석동,60861
3110842,흑리단길,126.96500666857686,37.507291849271816,11590,동작구,11590605,흑석동,29278
3110921,서울프랑스학교,126.99665266148172,37.49743998201074,11650,서초구,11650581,반포4동,35625
3110922,내방역 1번,126.99698106061803,37.486249479293164,11650,서초구,11650600,방배1동,62116
3110924,반포4동주민센터(몽마르뜨공원),127.00068981742254,37.49681833288997,11650,서초구,11650581,반포4동,75392
3110925,서초중학교,127.00697640080861,37.48678991680312,11650,서초구,11650530,서초3동,71878
3110979,청담초등학교,127.04757153112553,37.52733477902144,11680,강남구,11680565,청담동,63403
3110980,개포지구대옆,127.04789233962612,37.4805454368145,11680,강남구,11680690,개포4동,85828
3110981,국악고교사거리,127.04892926875071,37.475598470393415,11680,강남구,11680690,개포4동,67409
3110982,강남구보훈회관,127.04976940660319,37.515026175047964,11680,강남구,11680590,삼성2동,19865
3111040,거여초등학교,127.14057636913041,37.50320391428926,11710,송파구,11710570,오금동,57097
3111074,명일역 1번,127.14018000099055,37.55128181237798,11740,강동구,11740570,암사1동,49436
3111075,굽은다리역 2번,127.14105777722531,37.548667873482714,11740,강동구,11740600,천호1동,87782
3111076,둔촌2동주민센터,127.14316767622354,37.53356458912888,11740,강동구,11740700,둔촌2동,60068
3110892,관악구 중앙길,126.95112160044752,37.484284219236116,11620,관악구,11620615,중앙동,259916
3110893,관악소방서(문영여고),126.95254116974414,37.474409737121945,11620,관악구,11620595,청룡동,16048
3110966,논현2동주민센터,127.03830167448663,37.518652484450016,11680,강남구,11680531,논현2동,93545
3110967,역삼역 8번,127.03815875854602,37.504560823474804,11680,강남구,11680640,역삼1동,68672
