year_quarter_code,service_code,major_category_code,major_category_code_name,middle_category_code,middle_category_code_name,service_name,store_count,franchise_store_count
20211,CS100002,C01,외식업,C0101,음식(식사),중식음식점,5097,365
20211,CS100007,C01,외식업,C0101,음식(식사),치킨전문점,2472,3850
20211,CS200004,C02,서비스업,C0201,학원,컴퓨터학원,344,5
20211,CS200007,C02,서비스업,C0202,의원,치과의원,4982,2
20211,CS200011,C02,서비스업,C0204,기타 서비스,변리사사무소,762,3
20211,CS200012,C02,서비스업,C0204,기타 서비스,법무사사무소,2346,0
20211,CS200014,C02,서비스업,C0204,기타 서비스,회계사사무소,943,0
20211,CS200031,C02,서비스업,C0204,기타 서비스,세탁소,4293,1015
20211,CS200045,C02,서비스업,C0204,기타 서비스,비디오/서적임대,208,51
20211,CS300007,C03,도소매업,C0301,생활소매,육류판매,6610,24
20211,CS300012,C03,도소매업,C0303,잡화소매,한복점,535,1
20211,CS300028,C03,도소매업,C0303,잡화소매,화초,4891,6
20211,CS300029,C03,도소매업,C0303,잡화소매,애완동물,1749,44
20211,CS300030,C03,도소매업,C0303,잡화소매,중고가구,143,3
20211,CS300034,C03,도소매업,C0303,잡화소매,악기,808,2
20211,CS300039,C03,도소매업,C0302,전자소매,모터사이클및부품,636,1
20211,CS100006,C01,외식업,C0101,음식(식사),패스트푸드점,3133,2703
20211,CS200001,C02,서비스업,C0201,학원,일반교습학원,14188,1295
20211,CS200017,C02,서비스업,C0203,여가/미용,골프연습장,1473,67
20211,CS200021,C02,서비스업,C0203,여가/미용,기타오락장,1170,47
20211,CS200026,C02,서비스업,C0204,기타 서비스,자동차미용,1443,38
20211,CS200028,C02,서비스업,C0203,여가/미용,미용실,17070,1199
20211,CS200029,C02,서비스업,C0203,여가/미용,네일숍,3742,72
20211,CS200030,C02,서비스업,C0203,여가/미용,피부관리실,5342,160
20211,CS200033,C02,서비스업,C0204,기타 서비스,부동산중개업,34313,10
20211,CS200038,C02,서비스업,C0204,기타 서비스,독서실,2349,376
20211,CS200047,C02,서비스업,C0204,기타 서비스,가정용품임대,622,2
20211,CS300009,C03,도소매업,C0301,생활소매,청과상,7141,28
20211,CS300011,C03,도소매업,C0303,잡화소매,일반의류,42024,132
20211,CS300013,C03,도소매업,C0303,잡화소매,유아의류,5709,15
20211,CS300018,C03,도소매업,C0303,잡화소매,의약품,8376,510
20211,CS300022,C03,도소매업,C0303,잡화소매,화장품,16305,1244
20211,CS300033,C03,도소매업,C0302,전자소매,철물점,3029,11
20211,CS100003,C01,외식업,C0101,음식(식사),일식음식점,5745,736
20211,CS100005,C01,외식업,C0102,제과/커피,제과점,3725,1941
20211,CS200003,C02,서비스업,C0201,학원,예술학원,7110,300
20211,CS200008,C02,서비스업,C0202,의원,한의원,3763,0
20211,CS200022,C02,서비스업,C0204,기타 서비스,복권방,625,0
20211,CS300016,C03,도소매업,C0303,잡화소매,안경,1985,517
20211,CS300019,C03,도소매업,C0303,잡화소매,의료기기,2520,15
20211,CS300035,C03,도소매업,C0303,잡화소매,인테리어,5116,10
20211,CS300038,C03,도소매업,C0302,전자소매,자동차부품,3262,30
20211,CS300043,C03,도소매업,C0302,전자소매,전자상거래업,49400,127
20211,CS100001,C01,외식업,C0101,음식(식사),한식음식점,55916,6040
20211,CS100004,C01,외식업,C0101,음식(식사),양식음식점,7384,742
20211,CS200006,C02,서비스업,C0202,의원,일반의원,9151,37
20211,CS200023,C02,서비스업,C0204,기타 서비스,통신기기수리,624,2
20211,CS200027,C02,서비스업,C0204,기타 서비스,모터사이클수리,649,1
20211,CS200036,C02,서비스업,C0204,기타 서비스,고시원,470,2
20211,CS200041,C02,서비스업,C0204,기타 서비스,사진관,4729,11
20211,CS200043,C02,서비스업,C0204,기타 서비스,건축물청소,3314,65
20211,CS300010,C03,도소매업,C0301,생활소매,반찬가게,8528,177
20211,CS300032,C03,도소매업,C0302,전자소매,가전제품,4025,8
20211,CS300037,C03,도소매업,C0303,잡화소매,중고차판매,750,5
20211,CS300041,C03,도소매업,C0303,잡화소매,예술품,1721,2
20211,CS100010,C01,외식업,C0102,제과/커피,커피-음료,14360,5494
20211,CS200013,C02,서비스업,C0204,기타 서비스,기타법무서비스,1516,0
20211,CS200016,C02,서비스업,C0203,여가/미용,당구장,3693,50
20211,CS200018,C02,서비스업,C0203,여가/미용,볼링장,143,0
20211,CS200035,C02,서비스업,C0204,기타 서비스,게스트하우스,978,17
20211,CS200044,C02,서비스업,C0204,기타 서비스,여행사,5865,9
20211,CS300005,C03,도소매업,C0301,생활소매,주류도매,912,3
20211,CS300021,C03,도소매업,C0303,잡화소매,문구,3852,415
20211,CS300023,C03,도소매업,C0303,잡화소매,미용재료,1780,6
20211,CS300025,C03,도소매업,C0302,전자소매,자전거 및 기타운송장비,813,0
20211,CS300040,C03,도소매업,C0303,잡화소매,재생용품 판매점,1189,0
20211,CS300042,C03,도소매업,C0303,잡화소매,주유소,1013,1
20211,CS200002,C02,서비스업,C0201,학원,외국어학원,3266,262
20211,CS200010,C02,서비스업,C0204,기타 서비스,변호사사무소,3703,1
20211,CS200019,C02,서비스업,C0203,여가/미용,PC방,1390,98
20211,CS200024,C02,서비스업,C0203,여가/미용,스포츠클럽,2385,138
20211,CS300004,C03,도소매업,C0302,전자소매,핸드폰,5393,48
20211,CS300006,C03,도소매업,C0301,생활소매,미곡판매,3015,5
20211,CS300008,C03,도소매업,C0301,생활소매,수산물판매,4973,6
20211,CS300026,C03,도소매업,C0303,잡화소매,완구,1001,13
20211,CS300031,C03,도소매업,C0303,잡화소매,가구,3406,3
20211,CS100009,C01,외식업,C0103,호프간이주점,호프-간이주점,8970,1364
20211,CS200009,C02,서비스업,C0202,의원,동물병원,886,11
20211,CS200032,C02,서비스업,C0204,기타 서비스,가전제품수리,2448,0
20211,CS200042,C02,서비스업,C0204,기타 서비스,통번역서비스,1185,4
20211,CS200046,C02,서비스업,C0204,기타 서비스,의류임대,533,2
20211,CS300001,C03,도소매업,C0301,생활소매,슈퍼마켓,12159,365
20211,CS300003,C03,도소매업,C0302,전자소매,컴퓨터및주변장치판매,10005,8
20211,CS300015,C03,도소매업,C0303,잡화소매,가방,3029,8
20211,CS300017,C03,도소매업,C0303,잡화소매,시계및귀금속,5307,70
20211,CS300027,C03,도소매업,C0303,잡화소매,섬유제품,3610,13
20211,CS100008,C01,외식업,C0101,음식(식사),분식전문점,11461,2713
20211,CS200005,C02,서비스업,C0201,학원,스포츠 강습,4642,190
20211,CS200015,C02,서비스업,C0204,기타 서비스,세무사사무소,5593,1
20211,CS200020,C02,서비스업,C0203,여가/미용,전자게임장,287,5
20211,CS200025,C02,서비스업,C0204,기타 서비스,자동차수리,4045,362
20211,CS200034,C02,서비스업,C0204,기타 서비스,여관,2739,14
20211,CS200037,C02,서비스업,C0203,여가/미용,노래방,6088,135
20211,CS200039,C02,서비스업,C0203,여가/미용,DVD방,190,0
20211,CS200040,C02,서비스업,C0204,기타 서비스,녹음실,836,3
20211,CS300002,C03,도소매업,C0301,생활소매,편의점,807,10331
20211,CS300014,C03,도소매업,C0303,잡화소매,신발,4368,46
20211,CS300020,C03,도소매업,C0303,잡화소매,서적,3820,57
20211,CS300024,C03,도소매업,C0303,잡화소매,운동/경기용품,3902,9
20211,CS300036,C03,도소매업,C0303,잡화소매,조명용품,9127,9
20212,CS100002,C01,외식업,C0101,음식(식사),중식음식점,5200,366
20212,CS100007,C01,외식업,C0101,음식(식사),치킨전문점,2425,3788
20212,CS200004,C02,서비스업,C0201,학원,컴퓨터학원,349,5
20212,CS200007,C02,서비스업,C0202,의원,치과의원,5005,2
20212,CS200011,C02,서비스업,C0204,기타 서비스,변리사사무소,768,3
20212,CS200012,C02,서비스업,C0204,기타 서비스,법무사사무소,2372,0
20212,CS200014,C02,서비스업,C0204,기타 서비스,회계사사무소,949,0
20212,CS200031,C02,서비스업,C0204,기타 서비스,세탁소,4321,1013
20212,CS200045,C02,서비스업,C0204,기타 서비스,비디오/서적임대,206,51
20212,CS300007,C03,도소매업,C0301,생활소매,육류판매,6661,24
20212,CS300012,C03,도소매업,C0303,잡화소매,한복점,536,0
20212,CS300028,C03,도소매업,C0303,잡화소매,화초,4930,6
20212,CS300029,C03,도소매업,C0303,잡화소매,애완동물,1785,43
20212,CS300030,C03,도소매업,C0303,잡화소매,중고가구,142,3
20212,CS300034,C03,도소매업,C0303,잡화소매,악기,815,1
20212,CS300039,C03,도소매업,C0302,전자소매,모터사이클및부품,641,1
20212,CS100006,C01,외식업,C0101,음식(식사),패스트푸드점,3295,2743
20212,CS200001,C02,서비스업,C0201,학원,일반교습학원,14383,1332
20212,CS200017,C02,서비스업,C0203,여가/미용,골프연습장,1496,68
20212,CS200021,C02,서비스업,C0203,여가/미용,기타오락장,1128,43
20212,CS200026,C02,서비스업,C0204,기타 서비스,자동차미용,1472,36
20212,CS200028,C02,서비스업,C0203,여가/미용,미용실,17146,1216
20212,CS200029,C02,서비스업,C0203,여가/미용,네일숍,3885,74
20212,CS200030,C02,서비스업,C0203,여가/미용,피부관리실,5441,167
20212,CS200033,C02,서비스업,C0204,기타 서비스,부동산중개업,34936,10
20212,CS200038,C02,서비스업,C0204,기타 서비스,독서실,2363,383
20212,CS200047,C02,서비스업,C0204,기타 서비스,가정용품임대,641,2
20212,CS300009,C03,도소매업,C0301,생활소매,청과상,7174,28
20212,CS300011,C03,도소매업,C0303,잡화소매,일반의류,41804,133
20212,CS300013,C03,도소매업,C0303,잡화소매,유아의류,5808,15
20212,CS300018,C03,도소매업,C0303,잡화소매,의약품,8413,511
20212,CS300022,C03,도소매업,C0303,잡화소매,화장품,16326,1211
20212,CS300033,C03,도소매업,C0302,전자소매,철물점,3031,11
20212,CS100003,C01,외식업,C0101,음식(식사),일식음식점,5958,734
20212,CS100005,C01,외식업,C0102,제과/커피,제과점,3843,1936
20212,CS200003,C02,서비스업,C0201,학원,예술학원,7214,299
20212,CS200008,C02,서비스업,C0202,의원,한의원,3771,0
20212,CS200022,C02,서비스업,C0204,기타 서비스,복권방,618,0
20212,CS300016,C03,도소매업,C0303,잡화소매,안경,1979,516
20212,CS300019,C03,도소매업,C0303,잡화소매,의료기기,2525,16
20212,CS300035,C03,도소매업,C0303,잡화소매,인테리어,5123,12
20212,CS300038,C03,도소매업,C0302,전자소매,자동차부품,3296,26
20212,CS300043,C03,도소매업,C0302,전자소매,전자상거래업,55250,124
20212,CS100001,C01,외식업,C0101,음식(식사),한식음식점,56412,5981
20212,CS100004,C01,외식업,C0101,음식(식사),양식음식점,7624,739
20212,CS200006,C02,서비스업,C0202,의원,일반의원,9210,38
20212,CS200023,C02,서비스업,C0204,기타 서비스,통신기기수리,626,2
20212,CS200027,C02,서비스업,C0204,기타 서비스,모터사이클수리,653,1
20212,CS200036,C02,서비스업,C0204,기타 서비스,고시원,491,2
20212,CS200041,C02,서비스업,C0204,기타 서비스,사진관,4856,11
20212,CS200043,C02,서비스업,C0204,기타 서비스,건축물청소,3455,66
20212,CS300010,C03,도소매업,C0301,생활소매,반찬가게,8682,183
20212,CS300032,C03,도소매업,C0302,전자소매,가전제품,4016,8
20212,CS300037,C03,도소매업,C0303,잡화소매,중고차판매,752,5
20212,CS300041,C03,도소매업,C0303,잡화소매,예술품,1763,3
20212,CS100010,C01,외식업,C0102,제과/커피,커피-음료,14772,5603
20212,CS200013,C02,서비스업,C0204,기타 서비스,기타법무서비스,1568,0
20212,CS200016,C02,서비스업,C0203,여가/미용,당구장,3732,53
20212,CS200018,C02,서비스업,C0203,여가/미용,볼링장,143,0
20212,CS200035,C02,서비스업,C0204,기타 서비스,게스트하우스,980,18
20212,CS200044,C02,서비스업,C0204,기타 서비스,여행사,5849,9
20212,CS300005,C03,도소매업,C0301,생활소매,주류도매,920,3
20212,CS300021,C03,도소매업,C0303,잡화소매,문구,3871,409
20212,CS300023,C03,도소매업,C0303,잡화소매,미용재료,1794,6
20212,CS300025,C03,도소매업,C0302,전자소매,자전거 및 기타운송장비,819,0
20212,CS300040,C03,도소매업,C0303,잡화소매,재생용품 판매점,1196,0
20212,CS300042,C03,도소매업,C0303,잡화소매,주유소,1007,1
20212,CS200002,C02,서비스업,C0201,학원,외국어학원,3280,255
20212,CS200010,C02,서비스업,C0204,기타 서비스,변호사사무소,3773,1
20212,CS200019,C02,서비스업,C0203,여가/미용,PC방,1340,96
20212,CS200024,C02,서비스업,C0203,여가/미용,스포츠클럽,2466,136
20212,CS300004,C03,도소매업,C0302,전자소매,핸드폰,5404,50
20212,CS300006,C03,도소매업,C0301,생활소매,미곡판매,3029,5
20212,CS300008,C03,도소매업,C0301,생활소매,수산물판매,5021,6
20212,CS300026,C03,도소매업,C0303,잡화소매,완구,1000,14
20212,CS300031,C03,도소매업,C0303,잡화소매,가구,3435,3
20212,CS100009,C01,외식업,C0103,호프간이주점,호프-간이주점,8624,1314
20212,CS200009,C02,서비스업,C0202,의원,동물병원,899,11
20212,CS200032,C02,서비스업,C0204,기타 서비스,가전제품수리,2506,0
20212,CS200042,C02,서비스업,C0204,기타 서비스,통번역서비스,1229,4
20212,CS200046,C02,서비스업,C0204,기타 서비스,의류임대,532,2
20212,CS300001,C03,도소매업,C0301,생활소매,슈퍼마켓,12208,377
20212,CS300003,C03,도소매업,C0302,전자소매,컴퓨터및주변장치판매,10057,8
20212,CS300015,C03,도소매업,C0303,잡화소매,가방,3046,7
20212,CS300017,C03,도소매업,C0303,잡화소매,시계및귀금속,5336,69
20212,CS300027,C03,도소매업,C0303,잡화소매,섬유제품,3614,13
20212,CS100008,C01,외식업,C0101,음식(식사),분식전문점,11466,2672
20212,CS200005,C02,서비스업,C0201,학원,스포츠 강습,4779,188
20212,CS200015,C02,서비스업,C0204,기타 서비스,세무사사무소,5648,1
20212,CS200020,C02,서비스업,C0203,여가/미용,전자게임장,298,4
20212,CS200025,C02,서비스업,C0204,기타 서비스,자동차수리,4008,361
20212,CS200034,C02,서비스업,C0204,기타 서비스,여관,2663,17
20212,CS200037,C02,서비스업,C0203,여가/미용,노래방,6013,134
20212,CS200039,C02,서비스업,C0203,여가/미용,DVD방,191,0
20212,CS200040,C02,서비스업,C0204,기타 서비스,녹음실,850,3
20212,CS300002,C03,도소매업,C0301,생활소매,편의점,819,10429
20212,CS300014,C03,도소매업,C0303,잡화소매,신발,4334,47
20212,CS300020,C03,도소매업,C0303,잡화소매,서적,3852,57
20212,CS300024,C03,도소매업,C0303,잡화소매,운동/경기용품,3949,9
20212,CS300036,C03,도소매업,C0303,잡화소매,조명용품,9173,9
20213,CS100002,C01,외식업,C0101,음식(식사),중식음식점,5241,361
20213,CS100007,C01,외식업,C0101,음식(식사),치킨전문점,2385,3787
20213,CS200004,C02,서비스업,C0201,학원,컴퓨터학원,358,5
20213,CS200007,C02,서비스업,C0202,의원,치과의원,4999,2
20213,CS200011,C02,서비스업,C0204,기타 서비스,변리사사무소,769,3
20213,CS200012,C02,서비스업,C0204,기타 서비스,법무사사무소,2378,0
20213,CS200014,C02,서비스업,C0204,기타 서비스,회계사사무소,949,0
20213,CS200031,C02,서비스업,C0204,기타 서비스,세탁소,4314,1002
20213,CS200045,C02,서비스업,C0204,기타 서비스,비디오/서적임대,207,53
20213,CS300007,C03,도소매업,C0301,생활소매,육류판매,6688,25
20213,CS300012,C03,도소매업,C0303,잡화소매,한복점,530,0
20213,CS300028,C03,도소매업,C0303,잡화소매,화초,4955,6
20213,CS300029,C03,도소매업,C0303,잡화소매,애완동물,1809,42
20213,CS300030,C03,도소매업,C0303,잡화소매,중고가구,145,3
20213,CS300034,C03,도소매업,C0303,잡화소매,악기,813,1
20213,CS300039,C03,도소매업,C0302,전자소매,모터사이클및부품,654,2
20213,CS100006,C01,외식업,C0101,음식(식사),패스트푸드점,3436,2746
20213,CS200001,C02,서비스업,C0201,학원,일반교습학원,14683,1350
20213,CS200017,C02,서비스업,C0203,여가/미용,골프연습장,1519,76
20213,CS200021,C02,서비스업,C0203,여가/미용,기타오락장,1102,40
20213,CS200026,C02,서비스업,C0204,기타 서비스,자동차미용,1501,37
20213,CS200028,C02,서비스업,C0203,여가/미용,미용실,17226,1217
20213,CS200029,C02,서비스업,C0203,여가/미용,네일숍,3978,76
20213,CS200030,C02,서비스업,C0203,여가/미용,피부관리실,5496,169
20213,CS200033,C02,서비스업,C0204,기타 서비스,부동산중개업,35489,10
20213,CS200038,C02,서비스업,C0204,기타 서비스,독서실,2388,375
20213,CS200047,C02,서비스업,C0204,기타 서비스,가정용품임대,663,2
20213,CS300009,C03,도소매업,C0301,생활소매,청과상,7213,27
20213,CS300011,C03,도소매업,C0303,잡화소매,일반의류,41719,133
20213,CS300013,C03,도소매업,C0303,잡화소매,유아의류,5985,14
20213,CS300018,C03,도소매업,C0303,잡화소매,의약품,8423,515
20213,CS300022,C03,도소매업,C0303,잡화소매,화장품,16344,1190
20213,CS300033,C03,도소매업,C0302,전자소매,철물점,3013,11
20213,CS100003,C01,외식업,C0101,음식(식사),일식음식점,6069,726
20213,CS100005,C01,외식업,C0102,제과/커피,제과점,3911,1921
20213,CS200003,C02,서비스업,C0201,학원,예술학원,7324,306
20213,CS200008,C02,서비스업,C0202,의원,한의원,3778,0
20213,CS200022,C02,서비스업,C0204,기타 서비스,복권방,642,0
20213,CS300016,C03,도소매업,C0303,잡화소매,안경,1972,518
20213,CS300019,C03,도소매업,C0303,잡화소매,의료기기,2546,15
20213,CS300035,C03,도소매업,C0303,잡화소매,인테리어,5113,12
20213,CS300038,C03,도소매업,C0302,전자소매,자동차부품,3299,26
20213,CS300043,C03,도소매업,C0302,전자소매,전자상거래업,61408,136
20213,CS100001,C01,외식업,C0101,음식(식사),한식음식점,56631,5934
20213,CS100004,C01,외식업,C0101,음식(식사),양식음식점,7883,726
20213,CS200006,C02,서비스업,C0202,의원,일반의원,9298,39
20213,CS200023,C02,서비스업,C0204,기타 서비스,통신기기수리,627,2
20213,CS200027,C02,서비스업,C0204,기타 서비스,모터사이클수리,657,1
20213,CS200036,C02,서비스업,C0204,기타 서비스,고시원,513,2
20213,CS200041,C02,서비스업,C0204,기타 서비스,사진관,4955,11
20213,CS200043,C02,서비스업,C0204,기타 서비스,건축물청소,3561,67
20213,CS300010,C03,도소매업,C0301,생활소매,반찬가게,8796,182
20213,CS300032,C03,도소매업,C0302,전자소매,가전제품,4013,8
20213,CS300037,C03,도소매업,C0303,잡화소매,중고차판매,755,5
20213,CS300041,C03,도소매업,C0303,잡화소매,예술품,1799,3
20213,CS100010,C01,외식업,C0102,제과/커피,커피-음료,14973,5697
20213,CS200013,C02,서비스업,C0204,기타 서비스,기타법무서비스,1607,0
20213,CS200016,C02,서비스업,C0203,여가/미용,당구장,3721,52
20213,CS200018,C02,서비스업,C0203,여가/미용,볼링장,142,0
20213,CS200035,C02,서비스업,C0204,기타 서비스,게스트하우스,987,17
20213,CS200044,C02,서비스업,C0204,기타 서비스,여행사,5845,9
20213,CS300005,C03,도소매업,C0301,생활소매,주류도매,927,3
20213,CS300021,C03,도소매업,C0303,잡화소매,문구,3883,406
20213,CS300023,C03,도소매업,C0303,잡화소매,미용재료,1791,6
20213,CS300025,C03,도소매업,C0302,전자소매,자전거 및 기타운송장비,820,0
20213,CS300040,C03,도소매업,C0303,잡화소매,재생용품 판매점,1198,0
20213,CS300042,C03,도소매업,C0303,잡화소매,주유소,1004,1
20213,CS200002,C02,서비스업,C0201,학원,외국어학원,3294,255
20213,CS200010,C02,서비스업,C0204,기타 서비스,변호사사무소,3829,1
20213,CS200019,C02,서비스업,C0203,여가/미용,PC방,1338,92
20213,CS200024,C02,서비스업,C0203,여가/미용,스포츠클럽,2524,138
20213,CS300004,C03,도소매업,C0302,전자소매,핸드폰,5399,50
20213,CS300006,C03,도소매업,C0301,생활소매,미곡판매,3038,4
20213,CS300008,C03,도소매업,C0301,생활소매,수산물판매,5067,5
20213,CS300026,C03,도소매업,C0303,잡화소매,완구,997,14
20213,CS300031,C03,도소매업,C0303,잡화소매,가구,3441,3
20213,CS100009,C01,외식업,C0103,호프간이주점,호프-간이주점,8384,1274
20213,CS200009,C02,서비스업,C0202,의원,동물병원,894,12
20213,CS200032,C02,서비스업,C0204,기타 서비스,가전제품수리,2538,0
20213,CS200042,C02,서비스업,C0204,기타 서비스,통번역서비스,1273,4
20213,CS200046,C02,서비스업,C0204,기타 서비스,의류임대,533,2
20213,CS300001,C03,도소매업,C0301,생활소매,슈퍼마켓,12165,383
20213,CS300003,C03,도소매업,C0302,전자소매,컴퓨터및주변장치판매,10076,8
20213,CS300015,C03,도소매업,C0303,잡화소매,가방,3061,8
20213,CS300017,C03,도소매업,C0303,잡화소매,시계및귀금속,5357,67
20213,CS300027,C03,도소매업,C0303,잡화소매,섬유제품,3607,14
20213,CS100008,C01,외식업,C0101,음식(식사),분식전문점,11439,2649
20213,CS200005,C02,서비스업,C0201,학원,스포츠 강습,4910,185
20213,CS200015,C02,서비스업,C0204,기타 서비스,세무사사무소,5751,1
20213,CS200020,C02,서비스업,C0203,여가/미용,전자게임장,310,4
20213,CS200025,C02,서비스업,C0204,기타 서비스,자동차수리,3978,361
20213,CS200034,C02,서비스업,C0204,기타 서비스,여관,2598,17
20213,CS200037,C02,서비스업,C0203,여가/미용,노래방,5952,136
20213,CS200039,C02,서비스업,C0203,여가/미용,DVD방,187,0
20213,CS200040,C02,서비스업,C0204,기타 서비스,녹음실,860,3
20213,CS300002,C03,도소매업,C0301,생활소매,편의점,816,10485
20213,CS300014,C03,도소매업,C0303,잡화소매,신발,4308,48
20213,CS300020,C03,도소매업,C0303,잡화소매,서적,3869,59
20213,CS300024,C03,도소매업,C0303,잡화소매,운동/경기용품,3964,9
20213,CS300036,C03,도소매업,C0303,잡화소매,조명용품,9208,9
20214,CS100002,C01,외식업,C0101,음식(식사),중식음식점,5286,363
20214,CS100007,C01,외식업,C0101,음식(식사),치킨전문점,2342,3764
20214,CS200004,C02,서비스업,C0201,학원,컴퓨터학원,363,5
20214,CS200007,C02,서비스업,C0202,의원,치과의원,5005,2
20214,CS200011,C02,서비스업,C0204,기타 서비스,변리사사무소,784,3
20214,CS200012,C02,서비스업,C0204,기타 서비스,법무사사무소,2383,0
20214,CS200014,C02,서비스업,C0204,기타 서비스,회계사사무소,964,0
20214,CS200031,C02,서비스업,C0204,기타 서비스,세탁소,4294,987
20214,CS200045,C02,서비스업,C0204,기타 서비스,비디오/서적임대,205,50
20214,CS300007,C03,도소매업,C0301,생활소매,육류판매,6741,24
20214,CS300012,C03,도소매업,C0303,잡화소매,한복점,533,0
20214,CS300028,C03,도소매업,C0303,잡화소매,화초,5019,6
20214,CS300029,C03,도소매업,C0303,잡화소매,애완동물,1899,42
20214,CS300030,C03,도소매업,C0303,잡화소매,중고가구,148,3
20214,CS300034,C03,도소매업,C0303,잡화소매,악기,818,1
20214,CS300039,C03,도소매업,C0302,전자소매,모터사이클및부품,663,2
20214,CS100006,C01,외식업,C0101,음식(식사),패스트푸드점,3588,2733
20214,CS200001,C02,서비스업,C0201,학원,일반교습학원,15058,1378
20214,CS200017,C02,서비스업,C0203,여가/미용,골프연습장,1550,85
20214,CS200021,C02,서비스업,C0203,여가/미용,기타오락장,1140,38
20214,CS200026,C02,서비스업,C0204,기타 서비스,자동차미용,1533,37
20214,CS200028,C02,서비스업,C0203,여가/미용,미용실,17289,1214
20214,CS200029,C02,서비스업,C0203,여가/미용,네일숍,4060,74
20214,CS200030,C02,서비스업,C0203,여가/미용,피부관리실,5544,170
20214,CS200033,C02,서비스업,C0204,기타 서비스,부동산중개업,36475,10
20214,CS200038,C02,서비스업,C0204,기타 서비스,독서실,2399,354
20214,CS200047,C02,서비스업,C0204,기타 서비스,가정용품임대,699,2
20214,CS300009,C03,도소매업,C0301,생활소매,청과상,7279,26
20214,CS300011,C03,도소매업,C0303,잡화소매,일반의류,41842,131
20214,CS300013,C03,도소매업,C0303,잡화소매,유아의류,6105,14
20214,CS300018,C03,도소매업,C0303,잡화소매,의약품,8466,517
20214,CS300022,C03,도소매업,C0303,잡화소매,화장품,16579,1181
20214,CS300033,C03,도소매업,C0302,전자소매,철물점,2990,11
20214,CS100003,C01,외식업,C0101,음식(식사),일식음식점,6195,716
20214,CS100005,C01,외식업,C0102,제과/커피,제과점,3988,1913
20214,CS200003,C02,서비스업,C0201,학원,예술학원,7416,309
20214,CS200008,C02,서비스업,C0202,의원,한의원,3761,0
20214,CS200022,C02,서비스업,C0204,기타 서비스,복권방,696,1
20214,CS300016,C03,도소매업,C0303,잡화소매,안경,1967,516
20214,CS300019,C03,도소매업,C0303,잡화소매,의료기기,2550,15
20214,CS300035,C03,도소매업,C0303,잡화소매,인테리어,5146,11
20214,CS300038,C03,도소매업,C0302,전자소매,자동차부품,3322,27
20214,CS300043,C03,도소매업,C0302,전자소매,전자상거래업,72442,164
20214,CS100001,C01,외식업,C0101,음식(식사),한식음식점,57128,5902
20214,CS100004,C01,외식업,C0101,음식(식사),양식음식점,8142,725
20214,CS200006,C02,서비스업,C0202,의원,일반의원,9375,40
20214,CS200023,C02,서비스업,C0204,기타 서비스,통신기기수리,611,2
20214,CS200027,C02,서비스업,C0204,기타 서비스,모터사이클수리,664,1
20214,CS200036,C02,서비스업,C0204,기타 서비스,고시원,530,2
20214,CS200041,C02,서비스업,C0204,기타 서비스,사진관,5150,11
20214,CS200043,C02,서비스업,C0204,기타 서비스,건축물청소,3735,67
20214,CS300010,C03,도소매업,C0301,생활소매,반찬가게,8945,182
20214,CS300032,C03,도소매업,C0302,전자소매,가전제품,4014,8
20214,CS300037,C03,도소매업,C0303,잡화소매,중고차판매,771,5
20214,CS300041,C03,도소매업,C0303,잡화소매,예술품,1860,3
20214,CS100010,C01,외식업,C0102,제과/커피,커피-음료,15194,5809
20214,CS200013,C02,서비스업,C0204,기타 서비스,기타법무서비스,1664,0
20214,CS200016,C02,서비스업,C0203,여가/미용,당구장,3795,52
20214,CS200018,C02,서비스업,C0203,여가/미용,볼링장,143,0
20214,CS200035,C02,서비스업,C0204,기타 서비스,게스트하우스,1003,17
20214,CS200044,C02,서비스업,C0204,기타 서비스,여행사,5882,8
20214,CS300005,C03,도소매업,C0301,생활소매,주류도매,942,3
20214,CS300021,C03,도소매업,C0303,잡화소매,문구,3939,412
20214,CS300023,C03,도소매업,C0303,잡화소매,미용재료,1805,5
20214,CS300025,C03,도소매업,C0302,전자소매,자전거 및 기타운송장비,825,0
20214,CS300040,C03,도소매업,C0303,잡화소매,재생용품 판매점,1207,0
20214,CS300042,C03,도소매업,C0303,잡화소매,주유소,999,1
20214,CS200002,C02,서비스업,C0201,학원,외국어학원,3314,255
20214,CS200010,C02,서비스업,C0204,기타 서비스,변호사사무소,3903,1
20214,CS200019,C02,서비스업,C0203,여가/미용,PC방,1329,85
20214,CS200024,C02,서비스업,C0203,여가/미용,스포츠클럽,2603,137
20214,CS300004,C03,도소매업,C0302,전자소매,핸드폰,5398,49
20214,CS300006,C03,도소매업,C0301,생활소매,미곡판매,3083,5
20214,CS300008,C03,도소매업,C0301,생활소매,수산물판매,5120,5
20214,CS300026,C03,도소매업,C0303,잡화소매,완구,1003,14
20214,CS300031,C03,도소매업,C0303,잡화소매,가구,3464,3
20214,CS100009,C01,외식업,C0103,호프간이주점,호프-간이주점,8105,1226
20214,CS200009,C02,서비스업,C0202,의원,동물병원,899,12
20214,CS200032,C02,서비스업,C0204,기타 서비스,가전제품수리,2615,0
20214,CS200042,C02,서비스업,C0204,기타 서비스,통번역서비스,1349,4
20214,CS200046,C02,서비스업,C0204,기타 서비스,의류임대,540,2
20214,CS300001,C03,도소매업,C0301,생활소매,슈퍼마켓,12112,384
20214,CS300003,C03,도소매업,C0302,전자소매,컴퓨터및주변장치판매,10187,8
20214,CS300015,C03,도소매업,C0303,잡화소매,가방,3113,8
20214,CS300017,C03,도소매업,C0303,잡화소매,시계및귀금속,5409,66
20214,CS300027,C03,도소매업,C0303,잡화소매,섬유제품,3616,14
20214,CS100008,C01,외식업,C0101,음식(식사),분식전문점,11372,2618
20214,CS200005,C02,서비스업,C0201,학원,스포츠 강습,5064,183
20214,CS200015,C02,서비스업,C0204,기타 서비스,세무사사무소,5834,1
20214,CS200020,C02,서비스업,C0203,여가/미용,전자게임장,320,5
20214,CS200025,C02,서비스업,C0204,기타 서비스,자동차수리,3949,359
20214,CS200034,C02,서비스업,C0204,기타 서비스,여관,2556,17
20214,CS200037,C02,서비스업,C0203,여가/미용,노래방,5888,128
20214,CS200039,C02,서비스업,C0203,여가/미용,DVD방,180,1
20214,CS200040,C02,서비스업,C0204,기타 서비스,녹음실,881,3
20214,CS300002,C03,도소매업,C0301,생활소매,편의점,827,10544
20214,CS300014,C03,도소매업,C0303,잡화소매,신발,4315,46
20214,CS300020,C03,도소매업,C0303,잡화소매,서적,3916,64
20214,CS300024,C03,도소매업,C0303,잡화소매,운동/경기용품,4038,7
20221,CS300026,C03,도소매업,C0303,잡화소매,완구,995,14
20214,CS300036,C03,도소매업,C0303,잡화소매,조명용품,9283,10
20221,CS100002,C01,외식업,C0101,음식(식사),중식음식점,5318,363
20221,CS100007,C01,외식업,C0101,음식(식사),치킨전문점,2302,3730
20221,CS200004,C02,서비스업,C0201,학원,컴퓨터학원,362,5
20221,CS200007,C02,서비스업,C0202,의원,치과의원,5002,2
20221,CS200011,C02,서비스업,C0204,기타 서비스,변리사사무소,775,3
20221,CS200012,C02,서비스업,C0204,기타 서비스,법무사사무소,2388,0
20221,CS200014,C02,서비스업,C0204,기타 서비스,회계사사무소,964,0
20221,CS200031,C02,서비스업,C0204,기타 서비스,세탁소,4301,985
20221,CS200045,C02,서비스업,C0204,기타 서비스,비디오/서적임대,204,50
20221,CS300007,C03,도소매업,C0301,생활소매,육류판매,6680,24
20221,CS300012,C03,도소매업,C0303,잡화소매,한복점,525,0
20221,CS300028,C03,도소매업,C0303,잡화소매,화초,5053,6
20221,CS300029,C03,도소매업,C0303,잡화소매,애완동물,1937,44
20221,CS300030,C03,도소매업,C0303,잡화소매,중고가구,145,3
20221,CS300034,C03,도소매업,C0303,잡화소매,악기,821,1
20221,CS300039,C03,도소매업,C0302,전자소매,모터사이클및부품,658,2
20221,CS100006,C01,외식업,C0101,음식(식사),패스트푸드점,3596,2742
20221,CS200001,C02,서비스업,C0201,학원,일반교습학원,14904,1363
20221,CS200017,C02,서비스업,C0203,여가/미용,골프연습장,1560,87
20221,CS200021,C02,서비스업,C0203,여가/미용,기타오락장,1133,34
20221,CS200026,C02,서비스업,C0204,기타 서비스,자동차미용,1532,36
20221,CS200028,C02,서비스업,C0203,여가/미용,미용실,17418,1217
20221,CS200029,C02,서비스업,C0203,여가/미용,네일숍,4030,70
20221,CS200030,C02,서비스업,C0203,여가/미용,피부관리실,5823,175
20221,CS200033,C02,서비스업,C0204,기타 서비스,부동산중개업,35892,10
20221,CS200038,C02,서비스업,C0204,기타 서비스,독서실,2428,343
20221,CS200047,C02,서비스업,C0204,기타 서비스,가정용품임대,694,2
20221,CS300009,C03,도소매업,C0301,생활소매,청과상,7208,26
20221,CS300011,C03,도소매업,C0303,잡화소매,일반의류,41365,129
20221,CS300013,C03,도소매업,C0303,잡화소매,유아의류,6083,13
20221,CS300018,C03,도소매업,C0303,잡화소매,의약품,8471,520
20221,CS300022,C03,도소매업,C0303,잡화소매,화장품,16320,1171
20221,CS300033,C03,도소매업,C0302,전자소매,철물점,2998,11
20221,CS100003,C01,외식업,C0101,음식(식사),일식음식점,6256,710
20221,CS100005,C01,외식업,C0102,제과/커피,제과점,4028,1893
20221,CS200003,C02,서비스업,C0201,학원,예술학원,7466,317
20221,CS200008,C02,서비스업,C0202,의원,한의원,3746,0
20221,CS200022,C02,서비스업,C0204,기타 서비스,복권방,682,1
20221,CS300016,C03,도소매업,C0303,잡화소매,안경,1958,519
20221,CS300019,C03,도소매업,C0303,잡화소매,의료기기,2519,15
20221,CS300035,C03,도소매업,C0303,잡화소매,인테리어,5120,11
20221,CS300038,C03,도소매업,C0302,전자소매,자동차부품,3281,26
20221,CS300043,C03,도소매업,C0302,전자소매,전자상거래업,70739,161
20221,CS100001,C01,외식업,C0101,음식(식사),한식음식점,56984,5849
20221,CS100004,C01,외식업,C0101,음식(식사),양식음식점,8189,718
20221,CS200006,C02,서비스업,C0202,의원,일반의원,9409,38
20221,CS200023,C02,서비스업,C0204,기타 서비스,통신기기수리,609,2
20221,CS200027,C02,서비스업,C0204,기타 서비스,모터사이클수리,670,1
20221,CS200036,C02,서비스업,C0204,기타 서비스,고시원,523,2
20221,CS200041,C02,서비스업,C0204,기타 서비스,사진관,5166,11
20221,CS200043,C02,서비스업,C0204,기타 서비스,건축물청소,3712,67
20221,CS300010,C03,도소매업,C0301,생활소매,반찬가게,8975,175
20221,CS300032,C03,도소매업,C0302,전자소매,가전제품,4007,9
20221,CS300037,C03,도소매업,C0303,잡화소매,중고차판매,755,5
20221,CS300041,C03,도소매업,C0303,잡화소매,예술품,1882,3
20221,CS100010,C01,외식업,C0102,제과/커피,커피-음료,15501,5848
20221,CS200013,C02,서비스업,C0204,기타 서비스,기타법무서비스,1648,0
20221,CS200016,C02,서비스업,C0203,여가/미용,당구장,3788,50
20221,CS200018,C02,서비스업,C0203,여가/미용,볼링장,144,0
20221,CS200035,C02,서비스업,C0204,기타 서비스,게스트하우스,975,16
20221,CS200044,C02,서비스업,C0204,기타 서비스,여행사,5821,8
20221,CS300005,C03,도소매업,C0301,생활소매,주류도매,955,3
20221,CS300021,C03,도소매업,C0303,잡화소매,문구,3925,390
20221,CS300023,C03,도소매업,C0303,잡화소매,미용재료,1792,6
20221,CS300025,C03,도소매업,C0302,전자소매,자전거 및 기타운송장비,824,0
20221,CS300040,C03,도소매업,C0303,잡화소매,재생용품 판매점,1200,0
20221,CS300042,C03,도소매업,C0303,잡화소매,주유소,987,1
20221,CS200002,C02,서비스업,C0201,학원,외국어학원,3572,298
20221,CS200010,C02,서비스업,C0204,기타 서비스,변호사사무소,3844,1
20221,CS200019,C02,서비스업,C0203,여가/미용,PC방,1282,82
20221,CS200024,C02,서비스업,C0203,여가/미용,스포츠클럽,2577,135
20221,CS300004,C03,도소매업,C0302,전자소매,핸드폰,5293,47
20221,CS300006,C03,도소매업,C0301,생활소매,미곡판매,3053,5
20221,CS300008,C03,도소매업,C0301,생활소매,수산물판매,5061,5
20221,CS300031,C03,도소매업,C0303,잡화소매,가구,3437,3
20221,CS100009,C01,외식업,C0103,호프간이주점,호프-간이주점,7994,1207
20221,CS200009,C02,서비스업,C0202,의원,동물병원,896,12
20221,CS200032,C02,서비스업,C0204,기타 서비스,가전제품수리,2628,0
20221,CS200042,C02,서비스업,C0204,기타 서비스,통번역서비스,1332,4
20221,CS200046,C02,서비스업,C0204,기타 서비스,의류임대,537,2
20221,CS300001,C03,도소매업,C0301,생활소매,슈퍼마켓,12080,389
20221,CS300003,C03,도소매업,C0302,전자소매,컴퓨터및주변장치판매,10122,8
20221,CS300015,C03,도소매업,C0303,잡화소매,가방,3091,8
20221,CS300017,C03,도소매업,C0303,잡화소매,시계및귀금속,5393,67
20221,CS300027,C03,도소매업,C0303,잡화소매,섬유제품,3638,13
20221,CS100008,C01,외식업,C0101,음식(식사),분식전문점,11591,2582
20221,CS200005,C02,서비스업,C0201,학원,스포츠 강습,5153,186
20221,CS200015,C02,서비스업,C0204,기타 서비스,세무사사무소,5783,1
20221,CS200020,C02,서비스업,C0203,여가/미용,전자게임장,314,4
20221,CS200025,C02,서비스업,C0204,기타 서비스,자동차수리,3933,355
20221,CS200034,C02,서비스업,C0204,기타 서비스,여관,2528,17
20221,CS200037,C02,서비스업,C0203,여가/미용,노래방,5810,129
20221,CS200039,C02,서비스업,C0203,여가/미용,DVD방,180,2
20221,CS200040,C02,서비스업,C0204,기타 서비스,녹음실,876,3
20221,CS300002,C03,도소매업,C0301,생활소매,편의점,827,10550
20221,CS300014,C03,도소매업,C0303,잡화소매,신발,4283,44
20221,CS300020,C03,도소매업,C0303,잡화소매,서적,3878,63
20221,CS300024,C03,도소매업,C0303,잡화소매,운동/경기용품,4044,6
20221,CS300036,C03,도소매업,C0303,잡화소매,조명용품,9234,9
20222,CS100002,C01,외식업,C0101,음식(식사),중식음식점,5409,362
20222,CS100007,C01,외식업,C0101,음식(식사),치킨전문점,2293,3718
20222,CS200004,C02,서비스업,C0201,학원,컴퓨터학원,358,2
20222,CS200007,C02,서비스업,C0202,의원,치과의원,4996,2
20222,CS200011,C02,서비스업,C0204,기타 서비스,변리사사무소,770,3
20222,CS200012,C02,서비스업,C0204,기타 서비스,법무사사무소,2414,0
20222,CS200014,C02,서비스업,C0204,기타 서비스,회계사사무소,962,0
20222,CS200031,C02,서비스업,C0204,기타 서비스,세탁소,4329,984
20222,CS200045,C02,서비스업,C0204,기타 서비스,비디오/서적임대,198,49
20222,CS300007,C03,도소매업,C0301,생활소매,육류판매,6678,24
20222,CS300012,C03,도소매업,C0303,잡화소매,한복점,521,0
20222,CS300028,C03,도소매업,C0303,잡화소매,화초,5177,6
20222,CS300029,C03,도소매업,C0303,잡화소매,애완동물,2050,53
20222,CS300030,C03,도소매업,C0303,잡화소매,중고가구,141,3
20222,CS300034,C03,도소매업,C0303,잡화소매,악기,823,0
20222,CS300039,C03,도소매업,C0302,전자소매,모터사이클및부품,652,2
20222,CS100006,C01,외식업,C0101,음식(식사),패스트푸드점,3601,2741
20222,CS200001,C02,서비스업,C0201,학원,일반교습학원,14767,1302
20222,CS200017,C02,서비스업,C0203,여가/미용,골프연습장,1596,88
20222,CS200021,C02,서비스업,C0203,여가/미용,기타오락장,1170,33
20222,CS200026,C02,서비스업,C0204,기타 서비스,자동차미용,1532,35
20222,CS200028,C02,서비스업,C0203,여가/미용,미용실,17650,1226
20222,CS200029,C02,서비스업,C0203,여가/미용,네일숍,3955,68
20222,CS200030,C02,서비스업,C0203,여가/미용,피부관리실,6256,184
20222,CS200033,C02,서비스업,C0204,기타 서비스,부동산중개업,35322,9
20222,CS200038,C02,서비스업,C0204,기타 서비스,독서실,2440,338
20222,CS200047,C02,서비스업,C0204,기타 서비스,가정용품임대,684,2
20222,CS300009,C03,도소매업,C0301,생활소매,청과상,7179,26
20222,CS300011,C03,도소매업,C0303,잡화소매,일반의류,41335,129
20222,CS300013,C03,도소매업,C0303,잡화소매,유아의류,6040,14
20222,CS300018,C03,도소매업,C0303,잡화소매,의약품,8554,524
20222,CS300022,C03,도소매업,C0303,잡화소매,화장품,16337,1160
20222,CS300033,C03,도소매업,C0302,전자소매,철물점,3019,11
20222,CS100003,C01,외식업,C0101,음식(식사),일식음식점,6373,699
20222,CS100005,C01,외식업,C0102,제과/커피,제과점,4105,1891
20222,CS200003,C02,서비스업,C0201,학원,예술학원,7535,324
20222,CS200008,C02,서비스업,C0202,의원,한의원,3748,0
20222,CS200022,C02,서비스업,C0204,기타 서비스,복권방,676,1
20222,CS300016,C03,도소매업,C0303,잡화소매,안경,1958,521
20222,CS300019,C03,도소매업,C0303,잡화소매,의료기기,2498,14
20222,CS300035,C03,도소매업,C0303,잡화소매,인테리어,5194,11
20222,CS300038,C03,도소매업,C0302,전자소매,자동차부품,3265,25
20222,CS300043,C03,도소매업,C0302,전자소매,전자상거래업,68577,157
20222,CS100001,C01,외식업,C0101,음식(식사),한식음식점,57194,5815
20222,CS100004,C01,외식업,C0101,음식(식사),양식음식점,8309,709
20222,CS200006,C02,서비스업,C0202,의원,일반의원,9504,38
20222,CS200023,C02,서비스업,C0204,기타 서비스,통신기기수리,608,2
20222,CS200027,C02,서비스업,C0204,기타 서비스,모터사이클수리,683,1
20222,CS200036,C02,서비스업,C0204,기타 서비스,고시원,499,2
20222,CS200041,C02,서비스업,C0204,기타 서비스,사진관,5208,11
20222,CS200043,C02,서비스업,C0204,기타 서비스,건축물청소,3659,65
20222,CS300010,C03,도소매업,C0301,생활소매,반찬가게,9170,172
20222,CS300032,C03,도소매업,C0302,전자소매,가전제품,4016,9
20222,CS300037,C03,도소매업,C0303,잡화소매,중고차판매,762,5
20222,CS300041,C03,도소매업,C0303,잡화소매,예술품,1925,3
20222,CS100010,C01,외식업,C0102,제과/커피,커피-음료,16250,5955
20222,CS200013,C02,서비스업,C0204,기타 서비스,기타법무서비스,1635,0
20222,CS200016,C02,서비스업,C0203,여가/미용,당구장,3812,50
20222,CS200018,C02,서비스업,C0203,여가/미용,볼링장,139,0
20222,CS200035,C02,서비스업,C0204,기타 서비스,게스트하우스,949,15
20222,CS200044,C02,서비스업,C0204,기타 서비스,여행사,5799,8
20222,CS300005,C03,도소매업,C0301,생활소매,주류도매,993,3
20222,CS300021,C03,도소매업,C0303,잡화소매,문구,3945,389
20222,CS300023,C03,도소매업,C0303,잡화소매,미용재료,1803,6
20222,CS300025,C03,도소매업,C0302,전자소매,자전거 및 기타운송장비,831,0
20222,CS300040,C03,도소매업,C0303,잡화소매,재생용품 판매점,1194,0
20222,CS300042,C03,도소매업,C0303,잡화소매,주유소,978,1
20222,CS200002,C02,서비스업,C0201,학원,외국어학원,3867,318
20222,CS200010,C02,서비스업,C0204,기타 서비스,변호사사무소,3819,1
20222,CS200019,C02,서비스업,C0203,여가/미용,PC방,1238,79
20222,CS200024,C02,서비스업,C0203,여가/미용,스포츠클럽,2543,135
20222,CS300004,C03,도소매업,C0302,전자소매,핸드폰,5245,47
20222,CS300006,C03,도소매업,C0301,생활소매,미곡판매,3045,5
20222,CS300008,C03,도소매업,C0301,생활소매,수산물판매,5023,3
20222,CS300026,C03,도소매업,C0303,잡화소매,완구,1003,13
20222,CS300031,C03,도소매업,C0303,잡화소매,가구,3441,3
20222,CS100009,C01,외식업,C0103,호프간이주점,호프-간이주점,7968,1191
20222,CS200009,C02,서비스업,C0202,의원,동물병원,898,12
20222,CS200032,C02,서비스업,C0204,기타 서비스,가전제품수리,2640,0
20222,CS200042,C02,서비스업,C0204,기타 서비스,통번역서비스,1315,4
20222,CS200046,C02,서비스업,C0204,기타 서비스,의류임대,530,2
20222,CS300001,C03,도소매업,C0301,생활소매,슈퍼마켓,12346,393
20222,CS300003,C03,도소매업,C0302,전자소매,컴퓨터및주변장치판매,10091,8
20222,CS300015,C03,도소매업,C0303,잡화소매,가방,3104,8
20222,CS300017,C03,도소매업,C0303,잡화소매,시계및귀금속,5395,65
20222,CS300027,C03,도소매업,C0303,잡화소매,섬유제품,3702,13
20222,CS100008,C01,외식업,C0101,음식(식사),분식전문점,12001,2581
20222,CS200005,C02,서비스업,C0201,학원,스포츠 강습,5355,190
20222,CS200015,C02,서비스업,C0204,기타 서비스,세무사사무소,5762,1
20222,CS200020,C02,서비스업,C0203,여가/미용,전자게임장,295,3
20222,CS200025,C02,서비스업,C0204,기타 서비스,자동차수리,3946,356
20222,CS200034,C02,서비스업,C0204,기타 서비스,여관,2602,16
20222,CS200037,C02,서비스업,C0203,여가/미용,노래방,5840,129
20222,CS200039,C02,서비스업,C0203,여가/미용,DVD방,194,2
20222,CS200040,C02,서비스업,C0204,기타 서비스,녹음실,871,3
20222,CS300002,C03,도소매업,C0301,생활소매,편의점,828,10580
20222,CS300014,C03,도소매업,C0303,잡화소매,신발,4257,42
20222,CS300020,C03,도소매업,C0303,잡화소매,서적,3798,60
20222,CS300024,C03,도소매업,C0303,잡화소매,운동/경기용품,4087,6
20222,CS300036,C03,도소매업,C0303,잡화소매,조명용품,9203,9
20223,CS100002,C01,외식업,C0101,음식(식사),중식음식점,5394,350
20223,CS100007,C01,외식업,C0101,음식(식사),치킨전문점,2246,3599
20223,CS200004,C02,서비스업,C0201,학원,컴퓨터학원,354,2
20223,CS200007,C02,서비스업,C0202,의원,치과의원,5006,2
20223,CS200011,C02,서비스업,C0204,기타 서비스,변리사사무소,766,3
20223,CS200012,C02,서비스업,C0204,기타 서비스,법무사사무소,2428,0
20223,CS200014,C02,서비스업,C0204,기타 서비스,회계사사무소,972,0
20223,CS200031,C02,서비스업,C0204,기타 서비스,세탁소,4324,971
20223,CS200045,C02,서비스업,C0204,기타 서비스,비디오/서적임대,192,50
20223,CS300007,C03,도소매업,C0301,생활소매,육류판매,6582,25
20223,CS300012,C03,도소매업,C0303,잡화소매,한복점,525,0
20223,CS300028,C03,도소매업,C0303,잡화소매,화초,5195,6
20223,CS300029,C03,도소매업,C0303,잡화소매,애완동물,2138,53
20223,CS300030,C03,도소매업,C0303,잡화소매,중고가구,141,3
20223,CS300034,C03,도소매업,C0303,잡화소매,악기,822,0
20223,CS300039,C03,도소매업,C0302,전자소매,모터사이클및부품,644,1
20223,CS100006,C01,외식업,C0101,음식(식사),패스트푸드점,3518,2705
20223,CS200001,C02,서비스업,C0201,학원,일반교습학원,14437,1285
20223,CS200017,C02,서비스업,C0203,여가/미용,골프연습장,1634,92
20223,CS200021,C02,서비스업,C0203,여가/미용,기타오락장,1208,30
20223,CS200026,C02,서비스업,C0204,기타 서비스,자동차미용,1536,35
20223,CS200028,C02,서비스업,C0203,여가/미용,미용실,17668,1216
20223,CS200029,C02,서비스업,C0203,여가/미용,네일숍,3874,67
20223,CS200030,C02,서비스업,C0203,여가/미용,피부관리실,6607,184
20223,CS200033,C02,서비스업,C0204,기타 서비스,부동산중개업,34524,9
20223,CS200038,C02,서비스업,C0204,기타 서비스,독서실,2365,326
20223,CS200047,C02,서비스업,C0204,기타 서비스,가정용품임대,675,2
20223,CS300009,C03,도소매업,C0301,생활소매,청과상,7139,25
20223,CS300011,C03,도소매업,C0303,잡화소매,일반의류,40690,125
20223,CS300013,C03,도소매업,C0303,잡화소매,유아의류,5880,14
20223,CS300018,C03,도소매업,C0303,잡화소매,의약품,8597,529
20223,CS300022,C03,도소매업,C0303,잡화소매,화장품,16310,1134
20223,CS300033,C03,도소매업,C0302,전자소매,철물점,3034,10
20223,CS100003,C01,외식업,C0101,음식(식사),일식음식점,6396,688
20223,CS100005,C01,외식업,C0102,제과/커피,제과점,4133,1858
20223,CS200003,C02,서비스업,C0201,학원,예술학원,7545,324
20223,CS200008,C02,서비스업,C0202,의원,한의원,3764,0
20223,CS200022,C02,서비스업,C0204,기타 서비스,복권방,667,1
20223,CS300016,C03,도소매업,C0303,잡화소매,안경,1954,520
20223,CS300019,C03,도소매업,C0303,잡화소매,의료기기,2458,14
20223,CS300035,C03,도소매업,C0303,잡화소매,인테리어,5182,11
20223,CS300038,C03,도소매업,C0302,전자소매,자동차부품,3230,24
20223,CS300043,C03,도소매업,C0302,전자소매,전자상거래업,66219,154
20223,CS100001,C01,외식업,C0101,음식(식사),한식음식점,55961,5663
20223,CS100004,C01,외식업,C0101,음식(식사),양식음식점,8309,703
20223,CS200006,C02,서비스업,C0202,의원,일반의원,9569,39
20223,CS200023,C02,서비스업,C0204,기타 서비스,통신기기수리,604,2
20223,CS200027,C02,서비스업,C0204,기타 서비스,모터사이클수리,693,1
20223,CS200036,C02,서비스업,C0204,기타 서비스,고시원,466,2
20223,CS200041,C02,서비스업,C0204,기타 서비스,사진관,5212,11
20223,CS200043,C02,서비스업,C0204,기타 서비스,건축물청소,3600,63
20223,CS300010,C03,도소매업,C0301,생활소매,반찬가게,9250,169
20223,CS300032,C03,도소매업,C0302,전자소매,가전제품,3992,9
20223,CS300037,C03,도소매업,C0303,잡화소매,중고차판매,751,5
20223,CS300041,C03,도소매업,C0303,잡화소매,예술품,1977,3
20223,CS100010,C01,외식업,C0102,제과/커피,커피-음료,16640,5977
20223,CS200013,C02,서비스업,C0204,기타 서비스,기타법무서비스,1615,0
20223,CS200016,C02,서비스업,C0203,여가/미용,당구장,3728,47
20223,CS200018,C02,서비스업,C0203,여가/미용,볼링장,138,0
20223,CS200035,C02,서비스업,C0204,기타 서비스,게스트하우스,910,15
20223,CS200044,C02,서비스업,C0204,기타 서비스,여행사,5759,7
20223,CS300005,C03,도소매업,C0301,생활소매,주류도매,1019,3
20223,CS300021,C03,도소매업,C0303,잡화소매,문구,3939,385
20223,CS300023,C03,도소매업,C0303,잡화소매,미용재료,1791,6
20223,CS300025,C03,도소매업,C0302,전자소매,자전거 및 기타운송장비,828,0
20223,CS300040,C03,도소매업,C0303,잡화소매,재생용품 판매점,1177,0
20223,CS300042,C03,도소매업,C0303,잡화소매,주유소,968,1
20223,CS200002,C02,서비스업,C0201,학원,외국어학원,4233,337
20223,CS200010,C02,서비스업,C0204,기타 서비스,변호사사무소,3779,1
20223,CS200019,C02,서비스업,C0203,여가/미용,PC방,1161,72
20223,CS200024,C02,서비스업,C0203,여가/미용,스포츠클럽,2483,130
20223,CS300004,C03,도소매업,C0302,전자소매,핸드폰,5068,46
20223,CS300006,C03,도소매업,C0301,생활소매,미곡판매,2997,5
20223,CS300008,C03,도소매업,C0301,생활소매,수산물판매,4932,3
20223,CS300026,C03,도소매업,C0303,잡화소매,완구,1018,12
20223,CS300031,C03,도소매업,C0303,잡화소매,가구,3400,3
20223,CS100009,C01,외식업,C0103,호프간이주점,호프-간이주점,7763,1182
20223,CS200009,C02,서비스업,C0202,의원,동물병원,897,12
20223,CS200032,C02,서비스업,C0204,기타 서비스,가전제품수리,2630,0
20223,CS200042,C02,서비스업,C0204,기타 서비스,통번역서비스,1295,4
20223,CS200046,C02,서비스업,C0204,기타 서비스,의류임대,517,2
20223,CS300001,C03,도소매업,C0301,생활소매,슈퍼마켓,12440,410
20223,CS300003,C03,도소매업,C0302,전자소매,컴퓨터및주변장치판매,10013,8
20223,CS300015,C03,도소매업,C0303,잡화소매,가방,3102,8
20223,CS300017,C03,도소매업,C0303,잡화소매,시계및귀금속,5363,64
20223,CS300027,C03,도소매업,C0303,잡화소매,섬유제품,3736,13
20223,CS100008,C01,외식업,C0101,음식(식사),분식전문점,12187,2519
20223,CS200005,C02,서비스업,C0201,학원,스포츠 강습,5481,188
20223,CS200015,C02,서비스업,C0204,기타 서비스,세무사사무소,5730,1
20223,CS200020,C02,서비스업,C0203,여가/미용,전자게임장,273,2
20223,CS200025,C02,서비스업,C0204,기타 서비스,자동차수리,3908,353
20223,CS200034,C02,서비스업,C0204,기타 서비스,여관,2648,15
20223,CS200037,C02,서비스업,C0203,여가/미용,노래방,5731,129
20223,CS200039,C02,서비스업,C0203,여가/미용,DVD방,218,2
20223,CS200040,C02,서비스업,C0204,기타 서비스,녹음실,863,3
20223,CS300002,C03,도소매업,C0301,생활소매,편의점,860,10488
20223,CS300014,C03,도소매업,C0303,잡화소매,신발,4174,37
20223,CS300020,C03,도소매업,C0303,잡화소매,서적,3784,59
20223,CS300024,C03,도소매업,C0303,잡화소매,운동/경기용품,4115,7
20223,CS300036,C03,도소매업,C0303,잡화소매,조명용품,9143,9
20224,CS100002,C01,외식업,C0101,음식(식사),중식음식점,5453,339
20224,CS100007,C01,외식업,C0101,음식(식사),치킨전문점,2197,3547
20224,CS200004,C02,서비스업,C0201,학원,컴퓨터학원,344,3
20224,CS200007,C02,서비스업,C0202,의원,치과의원,5005,2
20224,CS200011,C02,서비스업,C0204,기타 서비스,변리사사무소,759,3
20224,CS200012,C02,서비스업,C0204,기타 서비스,법무사사무소,2451,0
20224,CS200014,C02,서비스업,C0204,기타 서비스,회계사사무소,976,0
20224,CS200031,C02,서비스업,C0204,기타 서비스,세탁소,4336,964
20224,CS200045,C02,서비스업,C0204,기타 서비스,비디오/서적임대,192,50
20224,CS300007,C03,도소매업,C0301,생활소매,육류판매,6516,25
20224,CS300012,C03,도소매업,C0303,잡화소매,한복점,525,0
20224,CS300028,C03,도소매업,C0303,잡화소매,화초,5257,6
20224,CS300029,C03,도소매업,C0303,잡화소매,애완동물,2236,51
20224,CS300030,C03,도소매업,C0303,잡화소매,중고가구,140,3
20224,CS300034,C03,도소매업,C0303,잡화소매,악기,827,0
20224,CS300039,C03,도소매업,C0302,전자소매,모터사이클및부품,631,1
20224,CS100006,C01,외식업,C0101,음식(식사),패스트푸드점,3485,2693
20224,CS200001,C02,서비스업,C0201,학원,일반교습학원,14179,1271
20224,CS200017,C02,서비스업,C0203,여가/미용,골프연습장,1652,93
20224,CS200021,C02,서비스업,C0203,여가/미용,기타오락장,1280,30
20224,CS200026,C02,서비스업,C0204,기타 서비스,자동차미용,1534,35
20224,CS200028,C02,서비스업,C0203,여가/미용,미용실,17711,1213
20224,CS200029,C02,서비스업,C0203,여가/미용,네일숍,3772,66
20224,CS200030,C02,서비스업,C0203,여가/미용,피부관리실,6912,188
20224,CS200033,C02,서비스업,C0204,기타 서비스,부동산중개업,33824,9
20224,CS200038,C02,서비스업,C0204,기타 서비스,독서실,2353,316
20224,CS200047,C02,서비스업,C0204,기타 서비스,가정용품임대,669,1
20224,CS300009,C03,도소매업,C0301,생활소매,청과상,7072,24
20224,CS300011,C03,도소매업,C0303,잡화소매,일반의류,40374,123
20224,CS300013,C03,도소매업,C0303,잡화소매,유아의류,5765,14
20224,CS300018,C03,도소매업,C0303,잡화소매,의약품,8651,531
20224,CS300022,C03,도소매업,C0303,잡화소매,화장품,16239,1135
20224,CS300033,C03,도소매업,C0302,전자소매,철물점,3059,10
20224,CS100003,C01,외식업,C0101,음식(식사),일식음식점,6458,680
20224,CS100005,C01,외식업,C0102,제과/커피,제과점,4185,1849
20224,CS200003,C02,서비스업,C0201,학원,예술학원,7551,334
20224,CS200008,C02,서비스업,C0202,의원,한의원,3766,0
20224,CS200022,C02,서비스업,C0204,기타 서비스,복권방,660,1
20224,CS300016,C03,도소매업,C0303,잡화소매,안경,1961,516
20224,CS300019,C03,도소매업,C0303,잡화소매,의료기기,2439,14
20224,CS300035,C03,도소매업,C0303,잡화소매,인테리어,5192,11
20224,CS300038,C03,도소매업,C0302,전자소매,자동차부품,3221,23
20224,CS300043,C03,도소매업,C0302,전자소매,전자상거래업,64200,149
20224,CS100001,C01,외식업,C0101,음식(식사),한식음식점,55631,5542
20224,CS100004,C01,외식업,C0101,음식(식사),양식음식점,8421,695
20224,CS200006,C02,서비스업,C0202,의원,일반의원,9606,41
20224,CS200023,C02,서비스업,C0204,기타 서비스,통신기기수리,607,2
20224,CS200027,C02,서비스업,C0204,기타 서비스,모터사이클수리,692,1
20224,CS200036,C02,서비스업,C0204,기타 서비스,고시원,436,2
20224,CS200041,C02,서비스업,C0204,기타 서비스,사진관,5245,11
20224,CS200043,C02,서비스업,C0204,기타 서비스,건축물청소,3553,63
20224,CS300010,C03,도소매업,C0301,생활소매,반찬가게,9328,170
20224,CS300032,C03,도소매업,C0302,전자소매,가전제품,4001,10
20224,CS300037,C03,도소매업,C0303,잡화소매,중고차판매,748,5
20224,CS300041,C03,도소매업,C0303,잡화소매,예술품,2015,3
20224,CS100010,C01,외식업,C0102,제과/커피,커피-음료,17002,6045
20224,CS200013,C02,서비스업,C0204,기타 서비스,기타법무서비스,1600,0
20224,CS200016,C02,서비스업,C0203,여가/미용,당구장,3717,46
20224,CS200018,C02,서비스업,C0203,여가/미용,볼링장,137,0
20224,CS200035,C02,서비스업,C0204,기타 서비스,게스트하우스,891,15
20224,CS200044,C02,서비스업,C0204,기타 서비스,여행사,5736,7
20224,CS300005,C03,도소매업,C0301,생활소매,주류도매,1046,3
20224,CS300021,C03,도소매업,C0303,잡화소매,문구,3961,387
20224,CS300023,C03,도소매업,C0303,잡화소매,미용재료,1777,6
20224,CS300025,C03,도소매업,C0302,전자소매,자전거 및 기타운송장비,825,0
20224,CS300040,C03,도소매업,C0303,잡화소매,재생용품 판매점,1170,0
20224,CS300042,C03,도소매업,C0303,잡화소매,주유소,966,1
20224,CS200002,C02,서비스업,C0201,학원,외국어학원,4584,374
20224,CS200010,C02,서비스업,C0204,기타 서비스,변호사사무소,3744,1
20224,CS200019,C02,서비스업,C0203,여가/미용,PC방,1104,66
20224,CS200024,C02,서비스업,C0203,여가/미용,스포츠클럽,2418,126
20224,CS300004,C03,도소매업,C0302,전자소매,핸드폰,4941,45
20224,CS300006,C03,도소매업,C0301,생활소매,미곡판매,2975,5
20224,CS300008,C03,도소매업,C0301,생활소매,수산물판매,4868,3
20224,CS300026,C03,도소매업,C0303,잡화소매,완구,1021,14
20224,CS300031,C03,도소매업,C0303,잡화소매,가구,3380,3
20224,CS100009,C01,외식업,C0103,호프간이주점,호프-간이주점,7683,1171
20224,CS200009,C02,서비스업,C0202,의원,동물병원,902,12
20224,CS200032,C02,서비스업,C0204,기타 서비스,가전제품수리,2639,0
20224,CS200042,C02,서비스업,C0204,기타 서비스,통번역서비스,1279,4
20224,CS200046,C02,서비스업,C0204,기타 서비스,의류임대,508,2
20224,CS300001,C03,도소매업,C0301,생활소매,슈퍼마켓,12692,408
20224,CS300003,C03,도소매업,C0302,전자소매,컴퓨터및주변장치판매,9995,8
20224,CS300015,C03,도소매업,C0303,잡화소매,가방,3107,8
20224,CS300017,C03,도소매업,C0303,잡화소매,시계및귀금속,5346,64
20224,CS300027,C03,도소매업,C0303,잡화소매,섬유제품,3804,11
20224,CS100008,C01,외식업,C0101,음식(식사),분식전문점,12351,2472
20224,CS200005,C02,서비스업,C0201,학원,스포츠 강습,5616,185
20224,CS200015,C02,서비스업,C0204,기타 서비스,세무사사무소,5699,1
20224,CS200020,C02,서비스업,C0203,여가/미용,전자게임장,255,2
20224,CS200025,C02,서비스업,C0204,기타 서비스,자동차수리,3904,351
20224,CS200034,C02,서비스업,C0204,기타 서비스,여관,2715,15
20224,CS200037,C02,서비스업,C0203,여가/미용,노래방,5683,133
20224,CS200039,C02,서비스업,C0203,여가/미용,DVD방,245,2
20224,CS200040,C02,서비스업,C0204,기타 서비스,녹음실,859,3
20224,CS300002,C03,도소매업,C0301,생활소매,편의점,892,10411
20224,CS300014,C03,도소매업,C0303,잡화소매,신발,4116,38
20224,CS300020,C03,도소매업,C0303,잡화소매,서적,3769,58
20224,CS300024,C03,도소매업,C0303,잡화소매,운동/경기용품,4124,7
20224,CS300036,C03,도소매업,C0303,잡화소매,조명용품,9091,9
20231,CS200033,C02,서비스업,C0204,기타 서비스,부동산중개업,32927,9
20231,CS200038,C02,서비스업,C0204,기타 서비스,독서실,2361,291
20231,CS200047,C02,서비스업,C0204,기타 서비스,가정용품임대,652,1
20231,CS300009,C03,도소매업,C0301,생활소매,청과상,6977,24
20231,CS300011,C03,도소매업,C0303,잡화소매,일반의류,39669,123
20231,CS300013,C03,도소매업,C0303,잡화소매,유아의류,5636,14
20231,CS300018,C03,도소매업,C0303,잡화소매,의약품,8660,535
20231,CS300022,C03,도소매업,C0303,잡화소매,화장품,16066,1135
20231,CS300033,C03,도소매업,C0302,전자소매,철물점,3082,10
20231,CS100003,C01,외식업,C0101,음식(식사),일식음식점,6550,666
20231,CS100005,C01,외식업,C0102,제과/커피,제과점,4178,1825
20231,CS200003,C02,서비스업,C0201,학원,예술학원,7558,339
20231,CS200008,C02,서비스업,C0202,의원,한의원,3758,0
20231,CS200022,C02,서비스업,C0204,기타 서비스,복권방,647,1
20231,CS300016,C03,도소매업,C0303,잡화소매,안경,1963,516
20231,CS300019,C03,도소매업,C0303,잡화소매,의료기기,2405,13
20231,CS300035,C03,도소매업,C0303,잡화소매,인테리어,5185,11
20231,CS300038,C03,도소매업,C0302,전자소매,자동차부품,3189,24
20231,CS300043,C03,도소매업,C0302,전자소매,전자상거래업,60781,142
20231,CS100001,C01,외식업,C0101,음식(식사),한식음식점,55331,5430
20231,CS100004,C01,외식업,C0101,음식(식사),양식음식점,8437,682
20231,CS200006,C02,서비스업,C0202,의원,일반의원,9668,40
20231,CS200023,C02,서비스업,C0204,기타 서비스,통신기기수리,601,0
20231,CS200027,C02,서비스업,C0204,기타 서비스,모터사이클수리,703,1
20231,CS200036,C02,서비스업,C0204,기타 서비스,고시원,413,2
20231,CS200041,C02,서비스업,C0204,기타 서비스,사진관,5257,11
20231,CS200043,C02,서비스업,C0204,기타 서비스,건축물청소,3470,63
20231,CS300010,C03,도소매업,C0301,생활소매,반찬가게,9330,166
20231,CS300032,C03,도소매업,C0302,전자소매,가전제품,3996,10
20231,CS300037,C03,도소매업,C0303,잡화소매,중고차판매,737,5
20231,CS300041,C03,도소매업,C0303,잡화소매,예술품,2023,3
20231,CS100010,C01,외식업,C0102,제과/커피,커피-음료,17174,6061
20231,CS200013,C02,서비스업,C0204,기타 서비스,기타법무서비스,1565,0
20231,CS200016,C02,서비스업,C0203,여가/미용,당구장,3643,40
20231,CS200018,C02,서비스업,C0203,여가/미용,볼링장,136,0
20231,CS200035,C02,서비스업,C0204,기타 서비스,게스트하우스,865,14
20231,CS200044,C02,서비스업,C0204,기타 서비스,여행사,5691,6
20231,CS300005,C03,도소매업,C0301,생활소매,주류도매,1051,3
20231,CS300021,C03,도소매업,C0303,잡화소매,문구,3944,383
20231,CS300023,C03,도소매업,C0303,잡화소매,미용재료,1769,6
20231,CS300025,C03,도소매업,C0302,전자소매,자전거 및 기타운송장비,819,0
20231,CS300040,C03,도소매업,C0303,잡화소매,재생용품 판매점,1150,0
20231,CS300042,C03,도소매업,C0303,잡화소매,주유소,960,1
20231,CS200002,C02,서비스업,C0201,학원,외국어학원,4984,410
20231,CS200010,C02,서비스업,C0204,기타 서비스,변호사사무소,3696,1
20231,CS200019,C02,서비스업,C0203,여가/미용,PC방,1052,61
20231,CS200024,C02,서비스업,C0203,여가/미용,스포츠클럽,2353,126
20231,CS300004,C03,도소매업,C0302,전자소매,핸드폰,4770,46
20231,CS300006,C03,도소매업,C0301,생활소매,미곡판매,2921,5
20231,CS300008,C03,도소매업,C0301,생활소매,수산물판매,4777,2
20231,CS300026,C03,도소매업,C0303,잡화소매,완구,1021,14
20231,CS300031,C03,도소매업,C0303,잡화소매,가구,3346,3
20231,CS100009,C01,외식업,C0103,호프간이주점,호프-간이주점,7599,1162
20231,CS200009,C02,서비스업,C0202,의원,동물병원,905,12
20231,CS200032,C02,서비스업,C0204,기타 서비스,가전제품수리,2642,0
20231,CS200042,C02,서비스업,C0204,기타 서비스,통번역서비스,1252,4
20231,CS200046,C02,서비스업,C0204,기타 서비스,의류임대,492,2
20231,CS300001,C03,도소매업,C0301,생활소매,슈퍼마켓,12704,412
20231,CS300003,C03,도소매업,C0302,전자소매,컴퓨터및주변장치판매,9914,8
20231,CS300015,C03,도소매업,C0303,잡화소매,가방,3089,8
20231,CS300017,C03,도소매업,C0303,잡화소매,시계및귀금속,5295,65
20231,CS300027,C03,도소매업,C0303,잡화소매,섬유제품,3824,11
20231,CS100008,C01,외식업,C0101,음식(식사),분식전문점,12515,2436
20231,CS200005,C02,서비스업,C0201,학원,스포츠 강습,5696,184
20231,CS200015,C02,서비스업,C0204,기타 서비스,세무사사무소,5665,1
20231,CS200020,C02,서비스업,C0203,여가/미용,전자게임장,239,2
20231,CS200025,C02,서비스업,C0204,기타 서비스,자동차수리,3901,351
20231,CS200034,C02,서비스업,C0204,기타 서비스,여관,2769,15
20231,CS200037,C02,서비스업,C0203,여가/미용,노래방,5637,134
20231,CS200039,C02,서비스업,C0203,여가/미용,DVD방,267,2
20231,CS200040,C02,서비스업,C0204,기타 서비스,녹음실,845,3
20231,CS300002,C03,도소매업,C0301,생활소매,편의점,917,10338
20231,CS300014,C03,도소매업,C0303,잡화소매,신발,4010,37
20231,CS300020,C03,도소매업,C0303,잡화소매,서적,3717,57
20231,CS300024,C03,도소매업,C0303,잡화소매,운동/경기용품,4136,7
20231,CS300036,C03,도소매업,C0303,잡화소매,조명용품,8997,9
20232,CS100002,C01,외식업,C0101,음식(식사),중식음식점,5573,337
20232,CS100007,C01,외식업,C0101,음식(식사),치킨전문점,2185,3430
20232,CS200004,C02,서비스업,C0201,학원,컴퓨터학원,333,2
20232,CS200007,C02,서비스업,C0202,의원,치과의원,4992,2
20232,CS200011,C02,서비스업,C0204,기타 서비스,변리사사무소,749,3
20232,CS200012,C02,서비스업,C0204,기타 서비스,법무사사무소,2481,0
20232,CS200014,C02,서비스업,C0204,기타 서비스,회계사사무소,974,0
20232,CS200031,C02,서비스업,C0204,기타 서비스,세탁소,4298,964
20232,CS200045,C02,서비스업,C0204,기타 서비스,비디오/서적임대,190,47
20232,CS300007,C03,도소매업,C0301,생활소매,육류판매,6376,21
20232,CS300012,C03,도소매업,C0303,잡화소매,한복점,531,0
20232,CS300028,C03,도소매업,C0303,잡화소매,화초,5386,6
20232,CS300029,C03,도소매업,C0303,잡화소매,애완동물,2379,51
20232,CS300030,C03,도소매업,C0303,잡화소매,중고가구,134,3
20232,CS300034,C03,도소매업,C0303,잡화소매,악기,839,0
20232,CS300039,C03,도소매업,C0302,전자소매,모터사이클및부품,615,1
20232,CS100006,C01,외식업,C0101,음식(식사),패스트푸드점,3416,2645
20232,CS200001,C02,서비스업,C0201,학원,일반교습학원,13654,1254
20232,CS200017,C02,서비스업,C0203,여가/미용,골프연습장,1683,105
20232,CS200021,C02,서비스업,C0203,여가/미용,기타오락장,1397,30
20232,CS200026,C02,서비스업,C0204,기타 서비스,자동차미용,1545,33
20232,CS200028,C02,서비스업,C0203,여가/미용,미용실,17868,1188
20232,CS200029,C02,서비스업,C0203,여가/미용,네일숍,3581,63
20232,CS200030,C02,서비스업,C0203,여가/미용,피부관리실,7717,201
20232,CS200033,C02,서비스업,C0204,기타 서비스,부동산중개업,32157,8
20232,CS200038,C02,서비스업,C0204,기타 서비스,독서실,2374,272
20232,CS200047,C02,서비스업,C0204,기타 서비스,가정용품임대,644,1
20232,CS300009,C03,도소매업,C0301,생활소매,청과상,6932,24
20232,CS300011,C03,도소매업,C0303,잡화소매,일반의류,39368,119
20232,CS300013,C03,도소매업,C0303,잡화소매,유아의류,5505,13
20232,CS300018,C03,도소매업,C0303,잡화소매,의약품,8722,535
20232,CS300022,C03,도소매업,C0303,잡화소매,화장품,16028,1120
20232,CS300033,C03,도소매업,C0302,전자소매,철물점,3078,9
20232,CS100003,C01,외식업,C0101,음식(식사),일식음식점,6709,641
20232,CS100005,C01,외식업,C0102,제과/커피,제과점,4223,1813
20232,CS200003,C02,서비스업,C0201,학원,예술학원,7568,342
20232,CS200008,C02,서비스업,C0202,의원,한의원,3752,0
20232,CS200022,C02,서비스업,C0204,기타 서비스,복권방,640,1
20232,CS300016,C03,도소매업,C0303,잡화소매,안경,1973,517
20232,CS300019,C03,도소매업,C0303,잡화소매,의료기기,2375,13
20232,CS300035,C03,도소매업,C0303,잡화소매,인테리어,5201,11
20232,CS300038,C03,도소매업,C0302,전자소매,자동차부품,3167,23
20232,CS300043,C03,도소매업,C0302,전자소매,전자상거래업,58652,138
20232,CS100001,C01,외식업,C0101,음식(식사),한식음식점,55230,5319
20232,CS100004,C01,외식업,C0101,음식(식사),양식음식점,8502,683
20232,CS200006,C02,서비스업,C0202,의원,일반의원,9723,40
20232,CS200023,C02,서비스업,C0204,기타 서비스,통신기기수리,595,1
20232,CS200027,C02,서비스업,C0204,기타 서비스,모터사이클수리,706,1
20232,CS200036,C02,서비스업,C0204,기타 서비스,고시원,393,2
20231,CS100002,C01,외식업,C0101,음식(식사),중식음식점,5492,341
20231,CS100007,C01,외식업,C0101,음식(식사),치킨전문점,2184,3492
20231,CS200004,C02,서비스업,C0201,학원,컴퓨터학원,339,3
20231,CS200007,C02,서비스업,C0202,의원,치과의원,5003,2
20231,CS200011,C02,서비스업,C0204,기타 서비스,변리사사무소,750,3
20231,CS200012,C02,서비스업,C0204,기타 서비스,법무사사무소,2458,0
20231,CS200014,C02,서비스업,C0204,기타 서비스,회계사사무소,967,0
20231,CS200031,C02,서비스업,C0204,기타 서비스,세탁소,4296,965
20231,CS200045,C02,서비스업,C0204,기타 서비스,비디오/서적임대,195,51
20231,CS300007,C03,도소매업,C0301,생활소매,육류판매,6445,21
20231,CS300012,C03,도소매업,C0303,잡화소매,한복점,524,0
20231,CS300028,C03,도소매업,C0303,잡화소매,화초,5299,6
20231,CS300029,C03,도소매업,C0303,잡화소매,애완동물,2288,51
20231,CS300030,C03,도소매업,C0303,잡화소매,중고가구,136,3
20231,CS300034,C03,도소매업,C0303,잡화소매,악기,836,0
20231,CS300039,C03,도소매업,C0302,전자소매,모터사이클및부품,622,1
20231,CS100006,C01,외식업,C0101,음식(식사),패스트푸드점,3440,2670
20231,CS200001,C02,서비스업,C0201,학원,일반교습학원,13858,1263
20231,CS200017,C02,서비스업,C0203,여가/미용,골프연습장,1666,98
20231,CS200021,C02,서비스업,C0203,여가/미용,기타오락장,1330,30
20231,CS200026,C02,서비스업,C0204,기타 서비스,자동차미용,1534,35
20231,CS200028,C02,서비스업,C0203,여가/미용,미용실,17759,1198
20231,CS200029,C02,서비스업,C0203,여가/미용,네일숍,3682,64
20231,CS200030,C02,서비스업,C0203,여가/미용,피부관리실,7282,197
20232,CS200041,C02,서비스업,C0204,기타 서비스,사진관,5289,11
20232,CS300031,C03,도소매업,C0303,잡화소매,가구,3303,3
20232,CS100009,C01,외식업,C0103,호프간이주점,호프-간이주점,7514,1152
20232,CS200009,C02,서비스업,C0202,의원,동물병원,910,11
20232,CS200032,C02,서비스업,C0204,기타 서비스,가전제품수리,2668,0
20232,CS200042,C02,서비스업,C0204,기타 서비스,통번역서비스,1228,4
20232,CS200046,C02,서비스업,C0204,기타 서비스,의류임대,480,2
20232,CS300001,C03,도소매업,C0301,생활소매,슈퍼마켓,12941,414
20232,CS300003,C03,도소매업,C0302,전자소매,컴퓨터및주변장치판매,9882,8
20232,CS300015,C03,도소매업,C0303,잡화소매,가방,3058,7
20232,CS300017,C03,도소매업,C0303,잡화소매,시계및귀금속,5268,65
20232,CS300027,C03,도소매업,C0303,잡화소매,섬유제품,3869,12
20232,CS100008,C01,외식업,C0101,음식(식사),분식전문점,12748,2398
20232,CS200005,C02,서비스업,C0201,학원,스포츠 강습,5820,189
20232,CS200015,C02,서비스업,C0204,기타 서비스,세무사사무소,5644,1
20232,CS200020,C02,서비스업,C0203,여가/미용,전자게임장,217,2
20232,CS200025,C02,서비스업,C0204,기타 서비스,자동차수리,3896,347
20232,CS200034,C02,서비스업,C0204,기타 서비스,여관,2802,15
20232,CS200037,C02,서비스업,C0203,여가/미용,노래방,5579,132
20232,CS200039,C02,서비스업,C0203,여가/미용,DVD방,305,2
20232,CS200040,C02,서비스업,C0204,기타 서비스,녹음실,831,3
20232,CS300002,C03,도소매업,C0301,생활소매,편의점,935,10334
20232,CS300014,C03,도소매업,C0303,잡화소매,신발,3963,38
20232,CS300020,C03,도소매업,C0303,잡화소매,서적,3694,56
20232,CS300024,C03,도소매업,C0303,잡화소매,운동/경기용품,4160,7
20232,CS300036,C03,도소매업,C0303,잡화소매,조명용품,8941,9
20232,CS200043,C02,서비스업,C0204,기타 서비스,건축물청소,3412,63
20232,CS300010,C03,도소매업,C0301,생활소매,반찬가게,9433,163
20232,CS300032,C03,도소매업,C0302,전자소매,가전제품,3983,10
20232,CS300037,C03,도소매업,C0303,잡화소매,중고차판매,727,5
20232,CS300041,C03,도소매업,C0303,잡화소매,예술품,2076,3
20232,CS100010,C01,외식업,C0102,제과/커피,커피-음료,17699,6127
20232,CS200013,C02,서비스업,C0204,기타 서비스,기타법무서비스,1547,0
20232,CS200016,C02,서비스업,C0203,여가/미용,당구장,3591,39
20232,CS200018,C02,서비스업,C0203,여가/미용,볼링장,137,0
20232,CS200035,C02,서비스업,C0204,기타 서비스,게스트하우스,849,13
20232,CS200044,C02,서비스업,C0204,기타 서비스,여행사,5647,6
20232,CS300005,C03,도소매업,C0301,생활소매,주류도매,1076,3
20232,CS300021,C03,도소매업,C0303,잡화소매,문구,3950,379
20232,CS300023,C03,도소매업,C0303,잡화소매,미용재료,1769,6
20232,CS300025,C03,도소매업,C0302,전자소매,자전거 및 기타운송장비,820,0
20232,CS300040,C03,도소매업,C0303,잡화소매,재생용품 판매점,1137,0
20232,CS300042,C03,도소매업,C0303,잡화소매,주유소,954,1
20232,CS200002,C02,서비스업,C0201,학원,외국어학원,5340,428
20232,CS200010,C02,서비스업,C0204,기타 서비스,변호사사무소,3676,1
20232,CS200019,C02,서비스업,C0203,여가/미용,PC방,1003,59
20232,CS200024,C02,서비스업,C0203,여가/미용,스포츠클럽,2268,126
20232,CS300004,C03,도소매업,C0302,전자소매,핸드폰,4646,41
20232,CS300006,C03,도소매업,C0301,생활소매,미곡판매,2870,5
20232,CS300008,C03,도소매업,C0301,생활소매,수산물판매,4696,2
20232,CS300026,C03,도소매업,C0303,잡화소매,완구,1030,16
20233,CS100007,C01,외식업,C0101,음식(식사),치킨전문점,2198,3391
20233,CS200004,C02,서비스업,C0201,학원,컴퓨터학원,332,2
20233,CS200007,C02,서비스업,C0202,의원,치과의원,4979,2
20233,CS200011,C02,서비스업,C0204,기타 서비스,변리사사무소,743,3
20233,CS200012,C02,서비스업,C0204,기타 서비스,법무사사무소,2496,0
20233,CS200014,C02,서비스업,C0204,기타 서비스,회계사사무소,980,0
20233,CS200031,C02,서비스업,C0204,기타 서비스,세탁소,4356,967
20233,CS200045,C02,서비스업,C0204,기타 서비스,비디오/서적임대,191,47
20233,CS300007,C03,도소매업,C0301,생활소매,육류판매,6324,21
20233,CS300012,C03,도소매업,C0303,잡화소매,한복점,520,0
20233,CS300028,C03,도소매업,C0303,잡화소매,화초,5482,6
20233,CS300029,C03,도소매업,C0303,잡화소매,애완동물,2460,48
20233,CS300030,C03,도소매업,C0303,잡화소매,중고가구,141,3
20233,CS300034,C03,도소매업,C0303,잡화소매,악기,843,0
20233,CS300039,C03,도소매업,C0302,전자소매,모터사이클및부품,591,1
20233,CS100006,C01,외식업,C0101,음식(식사),패스트푸드점,3342,2587
20233,CS200001,C02,서비스업,C0201,학원,일반교습학원,13531,1240
20233,CS200017,C02,서비스업,C0203,여가/미용,골프연습장,1695,111
20233,CS200021,C02,서비스업,C0203,여가/미용,기타오락장,1480,30
20233,CS200026,C02,서비스업,C0204,기타 서비스,자동차미용,1549,31
20233,CS200028,C02,서비스업,C0203,여가/미용,미용실,18032,1179
20233,CS200029,C02,서비스업,C0203,여가/미용,네일숍,3478,61
20233,CS200030,C02,서비스업,C0203,여가/미용,피부관리실,8067,199
20233,CS200033,C02,서비스업,C0204,기타 서비스,부동산중개업,31460,7
20233,CS200038,C02,서비스업,C0204,기타 서비스,독서실,2387,253
20233,CS200047,C02,서비스업,C0204,기타 서비스,가정용품임대,640,1
20233,CS100002,C01,외식업,C0101,음식(식사),중식음식점,5563,329
20233,CS300009,C03,도소매업,C0301,생활소매,청과상,6862,25
20233,CS300011,C03,도소매업,C0303,잡화소매,일반의류,39139,119
20233,CS300013,C03,도소매업,C0303,잡화소매,유아의류,5083,13
20233,CS300018,C03,도소매업,C0303,잡화소매,의약품,8782,536
20233,CS300022,C03,도소매업,C0303,잡화소매,화장품,15755,1097
20233,CS300033,C03,도소매업,C0302,전자소매,철물점,3135,9
20233,CS100003,C01,외식업,C0101,음식(식사),일식음식점,6815,617
20233,CS100005,C01,외식업,C0102,제과/커피,제과점,4135,1794
20233,CS200003,C02,서비스업,C0201,학원,예술학원,7602,345
20233,CS200008,C02,서비스업,C0202,의원,한의원,3767,0
20233,CS200022,C02,서비스업,C0204,기타 서비스,복권방,646,1
20233,CS300016,C03,도소매업,C0303,잡화소매,안경,1983,521
20233,CS300019,C03,도소매업,C0303,잡화소매,의료기기,2337,12
20233,CS300035,C03,도소매업,C0303,잡화소매,인테리어,5235,11
20233,CS300038,C03,도소매업,C0302,전자소매,자동차부품,3150,23
20233,CS300043,C03,도소매업,C0302,전자소매,전자상거래업,56810,136
20233,CS100001,C01,외식업,C0101,음식(식사),한식음식점,54667,5173
20233,CS100004,C01,외식업,C0101,음식(식사),양식음식점,8475,669
20233,CS200006,C02,서비스업,C0202,의원,일반의원,9792,42
20233,CS200023,C02,서비스업,C0204,기타 서비스,통신기기수리,613,1
20233,CS200027,C02,서비스업,C0204,기타 서비스,모터사이클수리,728,1
20233,CS200036,C02,서비스업,C0204,기타 서비스,고시원,375,2
20233,CS200041,C02,서비스업,C0204,기타 서비스,사진관,5366,11
20233,CS200043,C02,서비스업,C0204,기타 서비스,건축물청소,3363,63
20233,CS300010,C03,도소매업,C0301,생활소매,반찬가게,9466,157
20233,CS300032,C03,도소매업,C0302,전자소매,가전제품,3960,10
20233,CS300037,C03,도소매업,C0303,잡화소매,중고차판매,716,5
20233,CS300041,C03,도소매업,C0303,잡화소매,예술품,2089,2
20233,CS100010,C01,외식업,C0102,제과/커피,커피-음료,17914,6146
20233,CS200013,C02,서비스업,C0204,기타 서비스,기타법무서비스,1538,0
20233,CS200016,C02,서비스업,C0203,여가/미용,당구장,3476,37
20233,CS200018,C02,서비스업,C0203,여가/미용,볼링장,140,0
20233,CS200035,C02,서비스업,C0204,기타 서비스,게스트하우스,830,12
20233,CS200044,C02,서비스업,C0204,기타 서비스,여행사,5619,6
20233,CS300005,C03,도소매업,C0301,생활소매,주류도매,1068,3
20233,CS300021,C03,도소매업,C0303,잡화소매,문구,3965,377
20233,CS300023,C03,도소매업,C0303,잡화소매,미용재료,1778,6
20233,CS300025,C03,도소매업,C0302,전자소매,자전거 및 기타운송장비,818,0
20233,CS300040,C03,도소매업,C0303,잡화소매,재생용품 판매점,1119,0
20233,CS300042,C03,도소매업,C0303,잡화소매,주유소,954,1
20233,CS200002,C02,서비스업,C0201,학원,외국어학원,5657,458
20233,CS200010,C02,서비스업,C0204,기타 서비스,변호사사무소,3640,1
20233,CS200019,C02,서비스업,C0203,여가/미용,PC방,871,55
20233,CS200024,C02,서비스업,C0203,여가/미용,스포츠클럽,2203,124
20233,CS300004,C03,도소매업,C0302,전자소매,핸드폰,4529,39
20233,CS300006,C03,도소매업,C0301,생활소매,미곡판매,2814,4
20233,CS300008,C03,도소매업,C0301,생활소매,수산물판매,4643,2
20233,CS300026,C03,도소매업,C0303,잡화소매,완구,1047,16
20233,CS300031,C03,도소매업,C0303,잡화소매,가구,3270,3
20233,CS100009,C01,외식업,C0103,호프간이주점,호프-간이주점,7532,1155
20233,CS200009,C02,서비스업,C0202,의원,동물병원,925,11
20233,CS200032,C02,서비스업,C0204,기타 서비스,가전제품수리,2699,0
20233,CS200042,C02,서비스업,C0204,기타 서비스,통번역서비스,1206,4
20233,CS200046,C02,서비스업,C0204,기타 서비스,의류임대,483,2
20233,CS300001,C03,도소매업,C0301,생활소매,슈퍼마켓,13033,432
20233,CS300003,C03,도소매업,C0302,전자소매,컴퓨터및주변장치판매,9814,9
20233,CS300015,C03,도소매업,C0303,잡화소매,가방,3019,8
20233,CS300017,C03,도소매업,C0303,잡화소매,시계및귀금속,5320,63
20233,CS300027,C03,도소매업,C0303,잡화소매,섬유제품,3940,12
20233,CS100008,C01,외식업,C0101,음식(식사),분식전문점,13052,2363
20233,CS200005,C02,서비스업,C0201,학원,스포츠 강습,5990,182
20233,CS200015,C02,서비스업,C0204,기타 서비스,세무사사무소,5606,1
20233,CS200020,C02,서비스업,C0203,여가/미용,전자게임장,206,2
20233,CS200025,C02,서비스업,C0204,기타 서비스,자동차수리,3944,342
20233,CS200034,C02,서비스업,C0204,기타 서비스,여관,2847,16
20233,CS200037,C02,서비스업,C0203,여가/미용,노래방,5434,131
20233,CS200039,C02,서비스업,C0203,여가/미용,DVD방,390,2
20233,CS200040,C02,서비스업,C0204,기타 서비스,녹음실,818,3
20233,CS300002,C03,도소매업,C0301,생활소매,편의점,947,10325
20233,CS300014,C03,도소매업,C0303,잡화소매,신발,3891,37
20233,CS300020,C03,도소매업,C0303,잡화소매,서적,3669,54
20233,CS300024,C03,도소매업,C0303,잡화소매,운동/경기용품,4160,7
20233,CS300036,C03,도소매업,C0303,잡화소매,조명용품,8907,8
